<?xml version="1.0" encoding="utf-8"?>
<COLLADA xmlns="http://www.collada.org/2005/11/COLLADASchema" version="1.4.1" xmlns:xsi="http://www.w3.org/2001/XMLSchema-instance">
  <asset>
    <contributor>
      <author>Blender User</author>
      <authoring_tool>Blender 4.5.10 LTS commit date:2026-05-18, commit time:13:28, hash:6dc0b208d1b5</authoring_tool>
    </contributor>
    <created>2026-09-18T07:57:12</created>
    <modified>2026-09-18T07:57:12</modified>
    <unit name="meter" meter="1"/>
    <up_axis>Z_UP</up_axis>
  </asset>
  <library_effects>
    <effect id="SkeletonMaterial-effect">
      <profile_COMMON>
        <newparam sid="TheSkeletonSpelos_tga-surface">
          <surface type="2D">
            <init_from>TheSkeletonSpelos_tga</init_from>
          </surface>
        </newparam>
        <newparam sid="TheSkeletonSpelos_tga-sampler">
          <sampler2D>
            <source>TheSkeletonSpelos_tga-surface</source>
          </sampler2D>
        </newparam>
        <technique sid="common">
          <lambert>
            <emission>
              <color sid="emission">0 0 0 1</color>
            </emission>
            <diffuse>
              <texture texture="TheSkeletonSpelos_tga-sampler" texcoord="UVMap"/>
            </diffuse>
            <index_of_refraction>
              <float sid="ior">1.5</float>
            </index_of_refraction>
          </lambert>
        </technique>
      </profile_COMMON>
    </effect>
  </library_effects>
  <library_images>
    <image id="TheSkeletonSpelos_tga" name="TheSkeletonSpelos_tga">
      <init_from>TheSkeletonSpelos.tga</init_from>
    </image>
  </library_images>
  <library_materials>
    <material id="SkeletonMaterial-material" name="SkeletonMaterial">
      <instance_effect url="#SkeletonMaterial-effect"/>
    </material>
  </library_materials>
  <library_geometries>
    <geometry id="TheSkeletonSpelos-mesh" name="TheSkeletonSpelos">
      <mesh>
        <source id="TheSkeletonSpelos-mesh-positions">
          <float_array id="TheSkeletonSpelos-mesh-positions-array" count="1560">0.03126114 0.07837098 1.68737 0.04581964 -0.0463463 1.714999 0.03859215 0.07349085 1.823137 0.05449563 -0.08451187 1.841471 0.05986326 -0.03385448 1.861472 0.05495119 0.0390262 1.85201 0.04913735 0.03840106 1.719766 0.06252074 0.05083721 1.755207 0.07618278 -0.1035454 1.7709 0.06047403 -0.08718985 1.729431 0.02852863 0.07894712 1.751273 0.03225117 0.07826507 1.716673 0.06472051 -0.01514804 1.716686 0.0387271 0.04549449 1.695401 0.07830953 -0.0137456 1.742849 0.08707791 -0.01275438 1.776679 0.03923076 0.07943141 1.786347 0.06851142 -0.09973275 1.81832 0.08760362 -0.02046495 1.821983 0.0720064 0.04394447 1.801722 -0.03123563 0.07837098 1.68737 -0.04579412 -0.0463463 1.714999 -0.03856664 0.07349085 1.823137 -0.05447018 -0.08451187 1.841471 1.27462e-5 -0.05232739 1.697667 1.27462e-5 0.09111839 1.682983 1.27462e-5 -0.09597057 1.852659 1.27462e-5 0.08617079 1.828023 1.27462e-5 -0.1282765 1.76452 1.27462e-5 -0.1053961 1.711481 1.27462e-5 0.08831542 1.720204 1.27462e-5 0.1062796 1.759503 -0.05983781 -0.03385448 1.861472 -0.05492573 0.0390262 1.85201 1.27462e-5 0.04268336 1.868962 1.27462e-5 -0.03976243 1.879631 1.27462e-5 -0.002315044 1.704962 1.27462e-5 0.04289162 1.697028 -0.0491119 0.03840106 1.719766 -0.06249523 0.05083721 1.755207 -0.07615721 -0.1035454 1.7709 -0.06044858 -0.08718985 1.729431 -0.02850341 0.07894712 1.751273 -0.03222572 0.07826507 1.716673 -0.06469506 -0.01514804 1.716686 -0.03870159 0.04549449 1.695401 -0.07828402 -0.0137456 1.742849 -0.0870524 -0.01275438 1.776679 -0.03920531 0.07943141 1.786347 -0.06848597 -0.09973275 1.81832 1.27462e-5 -0.1234923 1.822445 1.27462e-5 0.09207552 1.784483 -0.08757811 -0.02046495 1.821983 -0.07198089 0.04394447 1.801722 0.02457165 -0.03131353 1.705216 -0.0245462 -0.03131353 1.707834 1.27462e-5 0.03840106 1.719766 1.27462e-5 -0.05232739 1.700285 1.27462e-5 -0.002315044 1.70758 0.03921759 0.04549741 1.69356 0.0427072 0.01579111 1.663112 0.05768752 0.03046256 1.66213 0.0202794 0.04470068 1.645269 0.03058058 0.07941031 1.686862 0.02810561 0.08390969 1.641479 0.04889714 0.03840255 1.720359 0.0593062 0.002943396 1.712124 -0.03919208 0.04549741 1.69356 -0.04268175 0.01579111 1.663112 -0.05766206 0.03046256 1.66213 1.27462e-5 0.05272018 1.640073 -0.02025395 0.04470068 1.645269 -0.03055536 0.07941031 1.686862 1.27462e-5 0.090402 1.682461 -0.0280801 0.08390969 1.641479 1.27462e-5 0.09146243 1.636984 -0.04887163 0.03840255 1.720359 -0.05928075 0.002943396 1.712124 -0.05738162 -0.05365896 0.9573311 -0.07300966 0.02874583 0.9605869 0.07303512 0.02874583 0.9605869 0.05740708 -0.05365896 0.9573311 -0.08660244 -0.08324205 1.116661 -0.08653819 0.02634304 1.115929 0.0865637 0.02634304 1.115929 0.08662796 -0.08324205 1.116661 -0.04968827 -0.01829105 1.089472 0.04971379 -0.01829105 1.089472 0.03116607 0.02705413 0.9784079 -0.03114062 0.02705413 0.9784079 0.02851599 -0.08734214 1.085993 -0.02849054 -0.08734214 1.085993 -0.03086781 -0.0725727 0.9759828 0.03089326 -0.0725727 0.9759828 -0.1194701 0.05029004 1.092862 -0.08419609 0.01307934 1.025198 -0.08419609 -0.02634191 1.032578 -0.1159558 -0.09905719 1.096963 0.1194956 0.05029004 1.092862 0.0842216 0.01307934 1.025198 0.1159814 -0.09905719 1.096963 0.0842216 -0.02634191 1.032578 -0.04888951 0.00602144 1.061991 -0.06317287 0.01992255 1.019294 0.04891502 0.00602144 1.061991 0.06319832 0.01992255 1.019294 0.04743713 -0.09754091 1.058305 0.06316697 -0.0422818 1.024817 -0.04741168 -0.09754091 1.058305 -0.06314146 -0.0422818 1.024817 -0.1030363 -0.02103292 1.150406 -0.08071321 -0.03333353 0.9339421 0.1030617 -0.02103292 1.150406 0.08073872 -0.03333353 0.9339421 -0.04323118 -0.03780651 0.9075816 0.04325664 -0.03780651 0.9075816 0.04090076 -0.0505439 1.10957 -0.04087531 -0.0505439 1.10957 -0.154029 -0.02513307 1.105749 -0.1096099 -0.00984764 1.032887 0.1540545 -0.02513307 1.105749 0.1096354 -0.00984764 1.032887 1.27462e-5 -0.0303936 1.0819 1.27462e-5 -0.01702934 0.9630743 1.27462e-5 -0.05901837 0.9657164 1.27462e-5 -0.02190655 1.067583 1.27462e-5 -0.03333353 0.936084 -0.1070334 -0.001522779 1.226503 -0.08031892 0.1369294 1.289856 0.08034449 0.1369294 1.289856 0.1070589 -0.001522779 1.226503 -0.1257584 -0.09436601 1.508144 -0.07675951 0.05212587 1.512318 0.07678496 0.05212587 1.512318 0.1257838 -0.09436565 1.508144 1.27462e-5 0.06502079 1.525988 1.27462e-5 0.1392503 1.343214 0.02805048 -0.05829083 1.580158 1.27462e-5 -0.08319568 1.281337 0.1274603 0.07978373 1.209177 0.1238967 0.01546639 1.511194 -0.1274348 0.07978373 1.209177 -0.1238712 0.01546639 1.511194 0.09345763 0.08511561 1.449384 0.1275914 -0.08518135 1.444991 1.27462e-5 0.1325784 1.387864 0.1332239 -0.06216889 1.327535 1.27462e-5 -0.01224863 1.577227 1.27462e-5 -0.005509018 1.296185 -0.09343212 0.08511561 1.449384 -0.1275659 -0.08518135 1.444991 0.09886312 0.112075 1.35715 -0.09883761 0.1120747 1.35715 -0.1428131 -4.39734e-4 1.444054 0.1428387 -4.39734e-4 1.444054 1.27462e-5 0.1072145 1.463053 -0.1331984 -0.06216889 1.327535 -0.1596759 0.02616411 1.306068 0.1597014 0.02616411 1.306068 0.04481285 -0.06641596 1.268166 0.05351173 -0.07481211 1.568409 0.05760538 -0.01733851 1.573863 0.06332772 -0.1277755 1.496763 0.06377798 -0.1165212 1.355282 -0.0447874 -0.06641596 1.268166 -0.05348628 -0.07481211 1.568409 -0.06375253 -0.1165212 1.355282 -0.06330221 -0.1277755 1.496763 -0.05757993 -0.01733851 1.573863 0.02457165 -0.03131353 1.707834 -0.0245462 -0.03131353 1.707834 0.02805048 -0.03465563 1.6307 1.27462e-5 0.001345276 1.629373 -0.02802497 -0.03465563 1.6307 1.27462e-5 -0.05472987 1.629373 0.02805048 -0.09457838 1.502053 -0.02802497 -0.09457838 1.502053 1.27462e-5 -0.1063641 1.503602 0.02805048 -0.1048871 1.397876 1.27462e-5 -0.04445838 1.412583 -0.02802497 -0.1048871 1.397876 1.27462e-5 -0.1195331 1.404453 0.04084801 -0.03817695 1.166025 1.27462e-5 0.01567488 1.16096 -0.0408225 -0.03817695 1.166025 1.27462e-5 -0.06214249 1.167737 1.27462e-5 -0.08388888 1.082396 1.27462e-5 -0.08221799 1.045367 1.27462e-5 -0.1025102 1.057798 0.0291168 -0.1058644 1.001862 1.27462e-5 -0.09669548 1.004945 -0.02909129 -0.1058644 1.001862 1.27462e-5 -0.1101498 1.000375 1.27462e-5 -0.08616054 0.9680697 1.27462e-5 -0.07270705 1.106994 -0.2259907 -0.01851046 1.181724 -0.1997147 0.004080712 1.173075 -0.1661149 -0.01851046 1.177147 -0.1997147 -0.04110133 1.175115 -0.2115075 -0.006088376 1.455232 -0.1961785 0.01213538 1.452698 -0.1833389 -0.006300449 1.451206 -0.1961785 -0.02446651 1.454351 -0.2285246 -0.003774464 1.493648 -0.1965586 0.01802289 1.485821 -0.1697726 -0.005194842 1.464017 -0.1965586 -0.02715915 1.487861 -0.2163578 -0.003063678 1.517629 -0.1805868 0.01883488 1.51445 -0.1615228 -0.004609346 1.478005 -0.1805868 -0.02634716 1.516491 -0.1978849 -0.003758668 1.228607 -0.2124339 -0.01614695 1.227508 -0.185691 -0.01616835 1.228867 -0.1978849 -0.0285508 1.229727 -0.2317218 -0.01736903 1.200994 -0.1988502 -0.04525923 1.202123 -0.1634718 -0.01738548 1.196973 -0.1988502 0.01050907 1.199604 -0.1190143 0.01177453 0.486788 -0.08156305 0.05203574 0.49532 -0.0397368 0.0110538 0.4900447 -0.08111655 -0.01822215 0.490619 -0.1428701 -0.005096912 0.8744304 -0.1273377 0.01253962 0.8790357 -0.1144155 -0.005281746 0.8743057 -0.1275677 -0.02312219 0.8706319 -0.1665048 -0.01524376 0.9340775 -0.1392434 0.009309589 0.9142244 -0.1057183 -0.009052097 0.9016125 -0.1395271 -0.03471201 0.9038507 -0.1661174 -0.03255909 0.9847419 -0.1352272 9.49815e-4 0.9568223 -0.1139129 -0.01530683 0.9275834 -0.1355109 -0.04791253 0.9602427 -0.08471626 0.03178983 0.5550708 -0.1089633 0.0164569 0.5507926 -0.0600757 0.01549828 0.557094 -0.08510106 -2.44137e-4 0.5519517 -0.1240745 0.01684004 0.5300185 -0.08354341 -0.02825456 0.5232835 -0.03836071 0.01577198 0.5384132 -0.08264929 0.05730396 0.5276033 -0.124002 0.01904511 0.7144974 -0.1059876 0.03657168 0.7183738 -0.09103167 0.01843732 0.7168018 -0.10631 6.55275e-4 0.7148665 -0.2225496 -0.007116615 0.9132716 -0.2079527 0.008409559 0.9131385 -0.1852636 -0.006961107 0.9143836 -0.2079966 -0.02184933 0.9118574 -0.2168276 -0.01520705 1.135063 -0.2078742 0.001255452 1.131004 -0.1966607 -0.01515191 1.127022 -0.2082752 -0.03161686 1.129089 -0.2265114 -0.01633584 1.166507 -0.2083119 0.003434121 1.166176 -0.1830421 -0.01571571 1.144823 -0.2083706 -0.03714412 1.164458 -0.2212797 -0.01759576 1.188193 -0.1927228 -0.002255558 1.190113 -0.1776053 -0.01667881 1.161836 -0.1927815 -0.03246432 1.188395 -0.198184 0.002392172 0.952998 -0.2233649 -0.008567214 0.9501044 -0.1948012 -0.008759915 0.950874 -0.2154968 -0.01987391 0.9520552 -0.2265096 -0.007470667 0.9289501 -0.2045333 -0.02620291 0.9284849 -0.1850738 -0.007374167 0.9314767 -0.2044792 0.01114588 0.9300662 -0.08951479 -0.01184773 0.06026977 -0.06180262 0.02183043 0.07009202 -0.04313701 0.002263903 0.06321108 -0.05426919 -0.01841551 0.06477761 -0.1097768 -0.0238943 0.4077208 -0.07431769 0.03712934 0.4120001 -0.0508098 0.01292735 0.4147749 -0.05250358 -0.02796006 0.4120146 -0.1250962 -0.03368622 0.4455716 -0.07833182 0.0383467 0.4517022 -0.03755581 0.002179145 0.451736 -0.05561774 -0.02932268 0.4551009 -0.1125859 0.003555238 0.4838864 -0.06768894 0.02955311 0.4823229 -0.03825747 0.002402126 0.4727528 -0.08070647 -0.01158899 0.4827175 -0.05913466 0.02217566 0.1381809 -0.09047049 -0.0286169 0.1317832 -0.04352098 0.008832514 0.1391089 -0.04900366 -0.01801359 0.1382609 -0.09300386 -0.02206146 0.08242362 -0.05329179 -0.0240882 0.09256517 -0.03113591 0.002514421 0.08877533 -0.06493383 0.03226149 0.09013485 -0.2004159 0.005493998 0.714236 -0.2012296 0.0317893 0.73825 -0.2027233 -0.04257982 0.7489697 -0.1941115 -0.0055812 0.9222873 -0.2089123 0.02368915 0.9155089 -0.2224346 -0.005666851 0.9237151 -0.2085533 -0.03002637 0.9194154 -0.2166024 -0.04114621 0.8726642 -0.2315029 -0.002996563 0.8713021 -0.1912171 -0.002874791 0.8692713 -0.2167473 0.0249018 0.8737446 -0.2071303 3.83937e-4 0.8178901 -0.2190363 -0.04768759 0.8239957 -0.2317851 3.09426e-4 0.8191329 -0.2196983 0.03177988 0.8156215 -0.1809878 0.03696274 0.8954414 -0.1917903 0.04180264 0.8913455 -0.1852859 0.02457857 0.8812182 -0.2050088 0.03194504 0.8743451 -0.1657552 0.05395513 0.8052096 -0.1716978 0.05445939 0.8054827 -0.1662524 0.04935365 0.8110929 -0.1722561 0.05000638 0.8111915 -0.170934 0.04969745 0.8543089 -0.1737879 0.04194611 0.8491806 -0.1855998 0.0445742 0.8502186 -0.1813656 0.05233556 0.8554111 -0.04834359 -0.01335704 0.07067048 -0.08412921 -0.02577024 0.07011562 -0.09274041 0.2207067 0.003194093 -0.1593315 0.1438575 0.003194093 -0.09020853 -0.02841538 0.03102999 -0.04127895 -0.01453161 0.0299369 -0.09008651 0.01349848 0.07408964 -0.03905802 -0.06514412 0.05271387 -0.06556451 -0.07282125 0.05583399 -0.05327975 0.02748674 0.07341754 -0.06382054 -0.07449775 0.003193974 -0.0408706 -0.06871205 0.003193974 -0.1414022 0.1352384 0.01816749 -0.06674873 -0.0825234 0.03183823 -0.08533281 -0.02654647 0.003193974 -0.03995919 -0.01073098 0.003194093 -0.03539061 -0.07168513 0.03027802 -0.08614277 0.1827875 0.02873051 -0.1371454 0.09663546 0.01309329 -0.07853305 0.1297886 0.04277199 -0.05485796 0.1469036 0.003194093 -0.142345 0.09801739 0.003871083 -0.1273535 0.1008036 0.0257188 -0.05920094 0.1412397 0.02900928 -0.216848 -0.01908189 1.517787 0.2168734 -0.01908189 1.517787 0.1810227 0.02270114 1.515831 -0.1809972 0.02270114 1.515831 0.1693448 -0.02054244 1.469869 -0.1693193 -0.02054244 1.469869 -0.1668136 0.0165171 1.470981 0.1668391 0.0165171 1.470981 0.20117 -0.01975095 1.539196 0.166099 0.01217412 1.550053 -0.1970218 -0.01975095 1.533012 -0.1674478 0.01217412 1.536311 -0.09797221 -0.004441857 1.005644 -0.09096914 0.005945742 0.979173 -0.08878552 -0.00992155 0.9642466 -0.09053999 -0.01966363 0.9910857 1.27462e-5 0.07719463 1.382646 1.27462e-5 -0.07247149 1.580269 -0.02802497 -0.05829083 1.580158 0.2260165 -0.01851046 1.181724 0.1997402 0.004080712 1.173075 0.1661403 -0.01851046 1.177147 0.1997402 -0.04110133 1.175115 0.211533 -0.006088376 1.455232 0.1962039 0.01213538 1.452698 0.1833645 -0.006300449 1.451206 0.1962039 -0.02446651 1.454351 0.2285503 -0.003774464 1.493648 0.1965841 0.01802289 1.485821 0.169798 -0.005194842 1.464017 0.1965841 -0.02715915 1.487861 0.2163832 -0.003063678 1.517629 0.1806125 0.01883488 1.51445 0.1615483 -0.004609346 1.478006 0.1806122 -0.02634716 1.516491 0.1979104 -0.003758668 1.228607 0.2124595 -0.01614695 1.227508 0.1857165 -0.01616835 1.228867 0.1979104 -0.0285508 1.229727 0.2317473 -0.01736903 1.200994 0.1988757 -0.04525923 1.202123 0.1634972 -0.01738548 1.196973 0.1988757 0.01050907 1.199604 0.1190398 0.01177453 0.486788 0.0815882 0.05203598 0.49532 0.03976231 0.0110538 0.4900447 0.08114206 -0.01822215 0.490619 0.1428955 -0.005096614 0.8744304 0.1273632 0.01253962 0.8790357 0.114441 -0.005281746 0.8743057 0.1275932 -0.02312189 0.8706319 0.1665302 -0.01524376 0.9340775 0.1392689 0.009309589 0.9142244 0.1057438 -0.009052097 0.9016125 0.1395526 -0.03471201 0.9038507 0.166143 -0.03255909 0.9847419 0.1352527 9.49815e-4 0.9568223 0.1139385 -0.01530683 0.9275834 0.1355364 -0.04791253 0.9602427 0.08474171 0.03178983 0.5550708 0.1089888 0.0164569 0.5507926 0.06010115 0.01549828 0.557094 0.08512657 -2.44137e-4 0.5519517 0.1241 0.01684004 0.5300185 0.08356893 -0.02825456 0.5232835 0.03838622 0.01577198 0.5384132 0.0826748 0.05730396 0.5276033 0.1240275 0.01904511 0.7144974 0.1060131 0.03657168 0.7183738 0.09105718 0.01843762 0.7168018 0.1063355 6.55275e-4 0.7148665 0.2225752 -0.007116615 0.9132716 0.2079783 0.008409559 0.9131385 0.185289 -0.006961107 0.9143836 0.2080219 -0.02184933 0.9118574 0.2168532 -0.01520705 1.135063 0.2078997 0.001255452 1.131004 0.1966862 -0.01515191 1.127022 0.2083006 -0.03161686 1.129089 0.2265369 -0.01633584 1.166507 0.2083376 0.003434121 1.166176 0.1830676 -0.01571571 1.144823 0.208396 -0.03714412 1.164458 0.2213053 -0.01759576 1.188193 0.1927483 -0.00225526 1.190113 0.1776307 -0.01667881 1.161836 0.192807 -0.03246432 1.188395 0.1982095 0.002392172 0.952998 0.2233904 -0.008567214 0.9501044 0.1948266 -0.008759915 0.950874 0.2155222 -0.01987391 0.9520552 0.226535 -0.007470667 0.9289501 0.2045587 -0.02620291 0.9284849 0.1850993 -0.007374167 0.9314767 0.2045048 0.01114588 0.9300662 0.0895403 -0.01184773 0.06026977 0.06182813 0.02183043 0.07009202 0.04316252 0.002263903 0.06321108 0.0542947 -0.01841551 0.06477761 0.1098023 -0.0238943 0.4077208 0.0743432 0.03712934 0.4120001 0.05083525 0.01292735 0.4147749 0.05252903 -0.02796006 0.4120146 0.1251217 -0.03368622 0.4455716 0.07835733 0.0383467 0.4517022 0.03758126 0.002179145 0.451736 0.0556432 -0.02932268 0.4551009 0.1126114 0.003555238 0.4838864 0.06771445 0.02955311 0.4823229 0.03828299 0.002402126 0.4727528 0.08073192 -0.01158899 0.4827175 0.05916011 0.02217566 0.1381809 0.090496 -0.0286169 0.1317832 0.04354649 0.008832514 0.1391089 0.04902911 -0.01801359 0.1382609 0.09302932 -0.02206146 0.08242362 0.05331724 -0.0240882 0.09256517 0.03116142 0.002514421 0.08877533 0.06495928 0.03226178 0.09013485 0.2004413 0.005493998 0.714236 0.2012551 0.0317893 0.73825 0.2027488 -0.04257982 0.7489697 0.1941369 -0.0055812 0.9222873 0.2089378 0.02368915 0.9155089 0.2224605 -0.005666851 0.9237151 0.2085787 -0.03002637 0.9194154 0.2166282 -0.04114621 0.8726642 0.2315285 -0.002996563 0.8713021 0.1912426 -0.002874791 0.8692713 0.216773 0.0249018 0.8737446 0.2071558 3.83937e-4 0.8178901 0.2190618 -0.04768759 0.8239957 0.2318106 3.09426e-4 0.8191329 0.2197238 0.03177988 0.8156215 0.1810133 0.03696274 0.8954414 0.1918157 0.04180264 0.8913455 0.1853114 0.02457857 0.8812182 0.2050343 0.03194504 0.8743451 0.1657807 0.05395513 0.8052096 0.1717233 0.05445969 0.8054827 0.1662779 0.04935365 0.8110929 0.1722816 0.05000638 0.8111915 0.1709594 0.04969745 0.8543089 0.1738134 0.04194611 0.8491806 0.1856252 0.0445742 0.8502186 0.1813914 0.05233556 0.8554111 0.0483691 -0.01335704 0.07067048 0.08415472 -0.02577024 0.07011562 0.09276592 0.2207067 0.003194093 0.159357 0.1438575 0.003194093 0.09023404 -0.02841538 0.03102999 0.04130476 -0.01453161 0.0299369 0.09011197 0.01349848 0.07408964 0.03908354 -0.06514412 0.05271387 0.06559032 -0.07282125 0.05583399 0.05330526 0.02748703 0.07341754 0.06384605 -0.07449775 0.003193974 0.04089611 -0.06871205 0.003193974 0.1414277 0.1352384 0.01816749 0.06677424 -0.0825234 0.03183823 0.08535832 -0.02654647 0.003193974 0.0399847 -0.01073098 0.003194093 0.03541612 -0.07168513 0.03027802 0.08616822 0.1827875 0.02873051 0.1371709 0.09663546 0.01309329 0.07855856 0.1297886 0.04277199 0.05488318 0.1469036 0.003194093 0.1423705 0.09801739 0.003871083 0.127379 0.1008036 0.0257188 0.05922645 0.1412397 0.02900928 0.09799772 -0.004441857 1.005644 0.09099465 0.00594604 0.979173 0.08881103 -0.00992155 0.9642466 0.0905655 -0.01966363 0.9910857</float_array>
          <technique_common>
            <accessor source="#TheSkeletonSpelos-mesh-positions-array" count="520" stride="3">
              <param name="X" type="float"/>
              <param name="Y" type="float"/>
              <param name="Z" type="float"/>
            </accessor>
          </technique_common>
        </source>
        <source id="TheSkeletonSpelos-mesh-normals">
          <float_array id="TheSkeletonSpelos-mesh-normals-array" count="1560">0.6026083 0.4284729 -0.6732564 9.44059e-7 -0.7478571 -0.6638597 1.28298e-6 0.6951506 -0.7188642 0 0.4299803 0.9028384 0.4922907 0.7824867 0.381267 0 0.8893042 0.4573162 0.5321877 0.8466135 -0.004670321 6.53482e-7 0.9868379 0.1617127 0.9529361 0.01742732 0.3026699 0.5044856 -0.4695491 0.7245812 0.6680644 -0.6324536 0.3920363 0 -0.651682 -0.7584923 0.4875046 -0.1606445 -0.8582148 0.6266973 -0.432303 -0.6483553 0.5874323 -0.1157249 0.8009563 0 -0.1573711 0.9875395 0 -0.6010637 0.7992013 0.5933385 0.4265595 0.6826394 0.871553 0.4799251 0.1003355 3.54418e-7 0.9962373 -0.08666789 0.704511 0.7095833 -0.01248979 0.6141808 0.7795042 -0.1231061 0.9225354 0.0300697 -0.3847392 0.6760823 -0.0619201 -0.7342198 0.9868441 0.08184796 -0.1394268 0 -0.984965 -0.1727542 0 -0.9229537 0.3849112 0.7555285 -0.6351569 -0.1604759 0.7993221 0.5295841 -0.2839454 0.726041 0.1899958 -0.6608829 0.5890658 -0.4495111 -0.6715217 2.15516e-6 0.9965305 0.08322864 -0.6026069 0.4284734 -0.6732574 -0.4922909 0.7824866 0.3812669 -0.5933386 0.4265595 0.6826393 -0.5321879 0.8466134 -0.00466907 -0.9529362 0.01742732 0.3026697 -0.5044856 -0.469549 0.7245813 -0.5874324 -0.1157251 0.8009563 -0.4707987 -0.1343458 -0.8719518 0.003700494 -0.1941559 -0.9809637 0.2970921 0.001035869 -0.9548484 -0.8715531 0.4799251 0.1003354 -0.7045106 0.7095836 -0.01249259 -0.6141811 0.7795041 -0.1231065 -0.9225354 0.03006994 -0.3847393 -0.6266974 -0.4323031 -0.6483552 -0.9868441 0.08184796 -0.1394269 -0.7555283 -0.635157 -0.1604759 -0.6680647 -0.6324534 0.3920362 -0.726041 0.1899948 -0.6608832 -0.6677041 -0.06768846 -0.7413431 -0.7993231 0.5295829 -0.2839447 -0.5890653 -0.4495114 -0.6715219 -0.2668337 0.02325612 -0.963462 0.003216147 0.1989604 -0.9800024 0 -0.4768424 -0.878989 -0.351311 -0.7349434 -0.5800334 0.8926929 -0.07052183 -0.4451137 -0.2552698 -0.8689976 -0.4238875 -1.44591e-6 -0.8312627 -0.5558799 0.5605318 0.555548 -0.6141422 -0.4034772 -0.01192098 0.9149121 0.2674421 0.432478 0.8610677 -4.69613e-7 0.522953 0.8523616 -1.39192e-6 0.7099943 -0.7042075 -0.6782222 -0.5126719 0.5264809 -0.9137289 -0.324897 0.2440115 -0.8926923 -0.07052308 -0.4451145 0.3513127 -0.734943 -0.580033 0.255272 -0.8689967 -0.4238878 -0.5605314 0.5555477 -0.6141429 0.4034783 -0.01192194 0.9149116 -0.2674455 0.4324815 0.8610649 0.6782228 -0.5126711 0.5264809 0.913729 -0.3248966 0.2440114 -0.8791778 -0.1485832 -0.4527358 -0.3006646 0.7787884 -0.5505357 -0.750695 -0.1970927 -0.6305645 -0.3802915 0.8465305 0.3725111 0.3006647 0.7787883 -0.5505357 -0.6342586 0.7723683 0.0341084 0.6129115 -0.7152544 -0.3357837 0.7506947 -0.1970928 -0.6305647 0.8791778 -0.1485834 -0.4527357 0.3533456 -0.9032121 -0.2436282 -0.5239816 -0.837176 -0.1567795 0.2049754 -0.9322573 0.2981298 0.02487957 -0.1287708 -0.9913622 0.5590273 0.5471054 0.6230282 -0.09208667 0.1103054 0.9896225 -0.081941 -0.05397409 0.9951746 0.3802912 0.8465305 0.3725115 -0.3640887 0.9288494 -0.06839919 -0.3533467 -0.9032118 -0.2436282 0.5239814 -0.837176 -0.1567795 0.6342585 0.7723683 0.03410863 -0.02487963 -0.1287706 -0.9913623 -3.06678e-7 0.8634139 0.5044963 0 0.1051185 -0.9944597 0.09208637 0.1103054 0.9896227 -0.5590272 0.5471057 0.6230282 0.08194112 -0.05397385 0.9951746 -0.1950082 -0.8523836 -0.4851951 0 0.8709132 -0.4914369 6.25737e-7 0.7232512 -0.6905851 0.3348065 0.6718891 0.6606585 -0.9828122 -0.05054622 0.177554 -0.3802008 0.9144337 0.1387745 -0.3348061 0.6718892 0.6606587 -0.7646239 0.6351795 -0.1090755 0.3640883 0.9288495 -0.06839913 -0.04918271 -0.6424541 0.7647444 0.9828122 -0.0505464 0.1775542 0.04918271 -0.642454 0.7647445 0.06063085 -0.8198274 0.5693917 -0.6129118 -0.7152542 -0.3357837 0.7646239 0.6351795 -0.1090758 1.61835e-7 0.9516495 0.307186 0.1950086 -0.8523834 -0.4851949 0.5570231 -0.8253837 0.09201747 -0.2049757 -0.9322574 0.2981296 -1.8866e-6 -0.9326483 0.3607868 -0.06063103 -0.8198273 0.5693917 0 -0.9501898 0.3116717 -0.5570228 -0.8253839 0.09201741 0.3802011 0.9144337 0.1387745 -0.8763371 -0.216946 -0.430079 0 -0.8824341 0.4704361 0 0.9984127 -0.05632251 -0.990405 0.0798664 -0.1127803 0.02351224 0.8904614 -0.4544512 -0.2472624 0.4050536 -0.8802232 0.990405 0.07986587 -0.1127806 0.1001769 -0.2951897 -0.9501724 0.2472619 0.4050534 -0.8802235 -0.7619673 -0.5859358 -0.2758358 -0.436814 -0.6692299 -0.6011031 -0.005677223 -0.9539489 -0.2999155 -0.6118072 0.7681508 0.1887763 -1.92114e-6 0.7847597 -0.6198002 0.01946622 -0.9918562 -0.1258661 -0.1001764 -0.2951897 -0.9501725 0.230111 0.9207275 0.3151348 0.5739004 0.7475894 0.3342882 0.3704348 0.687729 0.6243453 -0.2248348 0.2851804 0.9317305 -0.5366013 -0.1082672 0.8368616 -0.04730069 -0.6194134 0.7836387 -0.02351182 0.8904606 -0.4544526 0.6118067 0.7681512 0.1887758 -0.01946634 -0.9918562 -0.1258662 -0.08070272 -0.9671895 0.2408975 -0.1283763 -0.9415159 0.3115563 -0.2107098 0.6462261 0.7334802 -0.2454251 0.906039 0.3447606 -0.4756675 0.8742703 0.09691208 -0.5739008 0.7475894 0.3342872 -0.922894 0.3043944 -0.2358196 0.9228942 0.304394 -0.2358192 0.2249858 0.6156339 0.7552327 0.2048156 0.2892566 0.9350835 -0.5639353 -0.7827563 0.2631911 0.08070397 -0.9671896 0.2408968 0 0.9002773 0.435317 0 0.7240909 0.6897046 -0.764091 -0.6327351 -0.1257436 0.7619671 -0.5859359 -0.2758359 0.4368142 -0.6692298 -0.6011031 -9.50287e-7 0.9705329 0.2409691 0.7776849 -0.1733458 -0.6042827 0.4812645 0.720424 -0.4993734 0.5548722 -0.7944144 0.2470275 0.7640912 -0.632735 -0.1257422 0 -0.09011471 -0.9959315 0.005677103 -0.9539489 -0.2999156 -0.3704347 0.687729 0.6243453 -6.55805e-7 0.7077621 0.7064509 0.1283762 -0.941516 0.3115563 0.4962592 -0.5269705 0.6899486 0 -0.9706041 0.2406822 0 -0.923575 0.383418 0 0.9997593 0.02194499 -0.9972254 -0.06072235 0.04306131 -0.9989697 0.007731437 0.04471951 0.9972254 -0.06072235 0.04306131 0 0.9950493 -0.09938359 0.03549969 -0.6225697 0.7817587 -0.496259 -0.5269705 0.6899487 0 -0.9991671 -0.04080682 0 -0.9741087 -0.2260801 0 -0.9980305 -0.06273084 0 -0.9639421 0.2661123 -0.9959769 -0.08641147 -0.02372854 1.58214e-7 0.5000465 -0.8659986 0 0.9656323 0.259912 0 0.9933333 -0.1152776 0 -0.857464 0.514544 0.9959769 -0.08641141 -0.02372848 0.8763372 -0.2169463 -0.4300787 0 -0.9673979 -0.2532616 0 0.4606956 -0.8875583 -0.01466828 0.9942644 0.1059396 -0.8306043 -0.03260606 -0.5559076 -0.9898313 0.00935924 0.1419382 0.9865959 0.01138174 0.1627856 -0.0740478 0.692674 -0.7174397 -0.06837028 -0.7527189 -0.6547824 0.8221893 -0.03375625 -0.5682124 -0.01069957 -0.9810589 0.1934142 0.870725 -0.0105623 -0.4916568 -0.03413891 -0.9936866 -0.1068717 0.8954445 -0.028503 -0.44426 -0.6588815 0.03696823 0.7513378 -0.1397287 -0.989372 -0.04023718 0.3531113 -0.698232 0.6227235 -0.1339823 0.9836922 -0.1199934 -0.9893876 -0.008288145 -0.145064 -0.9982387 0.01651954 0.05698108 -0.03984564 0.978219 -0.2037156 0.3594136 0.73924 0.5695139 0.9723643 -0.002132654 -0.233459 0.04950493 0.9736073 0.2227964 -0.9312163 0.01899522 0.3639718 0.04614061 -0.9505078 0.3072557 0.9530817 0.01272249 0.302446 -0.963933 0.04360198 0.2625495 0.01183432 0.8044641 -0.5938833 -0.7211212 -0.03795272 -0.6917687 0.913286 0.01881724 0.4068841 -0.02050149 0.974824 0.2220311 -0.0500158 -0.9769736 0.2074154 0.7851105 -0.04729741 -0.6175473 0.01941722 -0.7027818 -0.7111405 0.9955127 0.02620089 0.09092968 0.04263466 -0.9543987 -0.2954753 0.9958816 0.01053941 -0.09004855 0.04978269 -0.9982477 0.03198885 -0.9941504 0.08964556 -0.06024003 -0.1586068 -0.9354394 -0.3159067 -0.1440824 0.9856475 0.08797299 -0.9623965 0.07664734 -0.2606114 0.04474157 0.9982406 0.03891116 0.2426986 0.2769843 0.9297189 0.7096614 -0.5680817 0.4167301 -0.1891206 0.9724544 0.1362564 -0.7678496 -0.2466396 0.5912495 0.9925871 0.001464426 -0.1215273 -0.9904384 0.06592291 -0.121186 -0.02665531 0.9229622 0.3839666 -0.9381067 0.002610802 0.3463368 0.9882724 0.02167946 0.1511551 0.05762225 0.995566 0.07435125 0.02927786 -0.9989317 -0.03575563 0.8252645 -0.04406434 0.5630248 -0.06500029 -0.9136112 0.4013597 -0.9986863 0.02677488 -0.0436899 -0.1124008 0.7604304 -0.6396184 -0.7597351 0.01047992 -0.6501483 0.02716153 0.9966987 0.07651168 0.827696 0.01819694 -0.5608819 0.08512562 -0.9963544 0.00561583 0.98756 -0.02778363 0.1547684 -0.1137628 -0.7003015 -0.7047239 0.9385029 0.0205239 -0.3446609 -0.141474 -0.9723915 -0.18558 0.9417204 -0.008907735 -0.3362789 -0.7203507 -0.03129398 0.6929038 -0.1965981 -0.9798998 -0.03384792 0.377429 -0.6760376 0.632867 -0.1925226 0.980413 0.04153865 -0.9972825 0.01671242 -0.07175225 -0.9996104 0.0183227 -0.02105647 -0.1299484 0.9880167 -0.08328586 0.3724603 0.6254382 0.6856387 0.9950252 -0.00201267 -0.09960353 -0.9668223 0.2111255 0.1438075 0.4263476 0.8736521 0.2344353 -0.2969844 -0.9506224 0.09009617 0.8760877 -0.3936113 0.278461 -0.8547362 -0.4812414 -0.1945064 -0.07667827 0.7381613 -0.6702525 -0.7032068 -0.06550115 -0.7079618 0.9877145 0.09213846 -0.1262163 -0.1983057 0.9732834 -0.1157351 0.334697 -0.6216335 -0.7082018 0.5408257 0.1427183 -0.8289387 0.4239812 -0.9012819 -0.08905696 0.9858282 0.1609988 -0.04713982 0.6279668 -0.7747909 -0.07319098 0.903011 0.4241877 -0.06808894 0.05930674 -0.4875873 0.8710577 -0.827669 -0.5606964 0.02415877 0.4404 -0.8532495 0.2793081 -0.1368185 0.9905472 0.009846746 -0.8605926 -0.4568997 -0.2249959 -0.1071209 0.9930698 -0.04834824 0.2378324 0.6870046 0.6866298 -0.7373297 0.175083 0.6524499 0.8480541 0.03711527 0.5286084 -0.1247771 0.9889165 0.08046734 -0.7826794 -0.6186035 0.06886792 0.9316433 0.3511692 0.09338629 0.6963105 -0.7119154 0.09126007 0.9961051 0.08130735 0.0341131 -0.491963 0.8354529 -0.2449302 0.9458153 -0.1177433 -0.3026053 -0.9928044 0.05933016 -0.1040174 -0.991393 0.05449128 0.1190412 -0.0449807 -0.9986676 -0.02529448 -0.09078216 -0.9919429 0.08836352 0.1962149 0.8371047 -0.5106422 -0.09751188 0.9947416 0.03131461 0.1727542 -0.8180933 -0.5485247 0.677701 -0.1547775 0.7188639 -0.682329 -0.01318544 0.7309263 0.03923851 -0.8276268 0.5599057 0.7760999 0.4073532 0.4813859 -0.3300701 0.6384824 0.6952654 0.6465089 -0.7133822 -0.2703925 0.8667166 0.4421989 0.2307868 0.5008228 -0.8534674 -0.1441181 0.8083761 -0.3555836 -0.469136 -0.1979094 0.9198508 0.3386836 -0.4983819 0.3668665 -0.7855091 -0.4745766 0.3622147 -0.8022329 0.5789075 0.2573683 -0.7737103 -0.617124 -0.6808927 -0.3943897 -0.8214366 -0.2003621 -0.5339449 -0.2844402 0.9575881 0.04603201 0.5990594 -0.4459489 -0.6650245 0.9873833 0.114773 0.1090932 0.8270449 -0.5618798 0.01697123 -0.8221452 -0.2429142 0.5148497 -0.5913643 -0.2510579 -0.7663278 -0.9318726 -0.3626832 0.008635818 -0.3132097 -0.6570283 -0.6857211 -0.3836184 -0.9226264 0.03996801 0.73881 0.041368 -0.672643 0.787644 0.2716802 0.5529981 0.6536578 -0.01535856 0.7566344 0.1083896 0.1868517 0.9763904 0.7216812 0.2855856 0.6305689 -0.8274321 -0.2678341 -0.4935798 0.2011361 0.4973983 0.8438835 -0.9425776 0.2074169 -0.2617743 -0.5633069 0.07665359 0.8226844 -0.510269 0.02134639 0.85975 -0.564864 -0.3326338 0.7551712 0.700523 -0.413905 0.5813348 -0.6129302 -0.03103929 0.7895272 -0.3021895 -0.6836806 0.6642759 0.7749673 0.272362 -0.5703025 -0.9958319 -0.05923432 0.0693556 -0.7776843 -0.1733449 -0.6042836 0.466744 0.8843919 -0.001064598 0.6670755 -0.1181914 0.735555 0.9972568 -0.06010222 -0.04320508 -0.4812644 0.7204243 -0.4993731 0.5687018 0.8225339 -0.004038512 0.8765664 0.02854496 -0.4804338 0 -0.997672 0.06819701 0.9989697 0.007731437 0.04471945 0.8306073 -0.03260636 -0.5559031 0.0146678 0.9942643 0.1059406 0.9898303 0.009359061 0.1419447 0.07404524 0.692674 -0.71744 -0.9865957 0.01138228 0.1627862 0.06836766 -0.7527188 -0.6547828 0.01069879 -0.9810588 0.1934151 -0.870728 -0.01056206 -0.4916515 0.03413516 -0.9936866 -0.1068728 0.1397274 -0.9893722 -0.04023611 0.6588777 0.03696727 0.7513412 -0.3531135 -0.698231 0.6227233 0.9893872 -0.008288204 -0.1450664 0.1339807 0.9836925 -0.1199929 0.9982385 0.01651871 0.05698442 0.03984194 0.9782189 -0.2037165 -0.3594088 0.7392418 0.5695147 -0.9723661 -0.002132475 -0.2334517 -0.04950684 0.9736071 0.2227966 -0.8954442 -0.0285027 -0.4442605 -0.04614204 -0.9505076 0.3072561 -0.9530816 0.01272237 0.302446 0.9312162 0.01899504 0.3639721 0.9639331 0.0436024 0.2625491 -0.01183807 0.8044659 -0.593881 0.02050423 0.9748229 0.2220358 -0.9132856 0.01881611 0.4068851 -0.7851094 -0.0472995 -0.6175484 0.05001574 -0.9769737 0.2074152 0.7211201 -0.03795206 -0.6917698 -0.01941734 -0.702782 -0.7111403 -0.9955128 0.0261994 0.09092813 -0.04263216 -0.9543975 -0.2954793 0.1586069 -0.9354382 -0.3159102 -0.04978203 -0.9982477 0.03198862 0.9941504 0.08964502 -0.06024014 0.7678501 -0.24664 0.5912488 0.9623959 0.07665264 -0.260612 0.1440816 0.9856475 0.0879749 -0.04474431 0.9982405 0.03891134 -0.2426977 0.276982 0.9297199 -0.709661 -0.5680822 0.4167299 0.1891219 0.9724543 0.1362558 -0.9925872 0.001463949 -0.1215262 0.9904385 0.06592184 -0.1211857 0.02665549 0.9229625 0.3839661 -0.05761778 0.9955662 0.07435119 -0.988272 0.02168858 0.1511561 -0.8252648 -0.0440647 0.5630243 -0.02928209 -0.9989317 -0.03575426 0.9381068 0.002610802 0.3463364 0.06500041 -0.9136112 0.4013596 -0.9958816 0.01053518 -0.09005028 0.9986863 0.02677428 -0.04368972 0.1124001 0.7604306 -0.6396183 -0.02716076 0.9966987 0.07651156 -0.8276964 0.01819837 -0.5608811 -0.9875602 -0.02778214 0.1547678 -0.08512735 -0.9963543 0.005615532 0.1137608 -0.7003017 -0.704724 0.7597379 0.01047903 -0.650145 -0.938503 0.02052485 -0.3446605 0.141471 -0.9723919 -0.1855807 0.1965958 -0.9799003 -0.03384792 0.7203506 -0.03129917 0.6929036 -0.3774289 -0.676037 0.6328676 0.9972825 0.01670962 -0.0717535 0.1925308 0.9804114 0.04153895 0.9996104 0.01831746 -0.02105772 0.1299462 0.988017 -0.0832867 -0.3724604 0.6254433 0.685634 -0.995025 -0.002012133 -0.09960538 0.9668229 0.2111247 0.1438058 -0.4263433 0.8736546 0.2344336 -0.9417204 -0.008906543 -0.3362788 0.2969848 -0.9506224 0.09009552 -0.8760902 -0.3936055 0.2784612 0.8547356 -0.4812422 -0.1945071 0.07667773 0.738158 -0.6702563 0.1983036 0.9732833 -0.115738 -0.9877146 0.09213721 -0.1262167 -0.3346973 -0.6216334 -0.7082017 -0.4239811 -0.9012818 -0.08905684 0.7032074 -0.06550091 -0.7079612 -0.9858282 0.1609988 -0.04713976 -0.627967 -0.7747908 -0.07319098 -0.4404001 -0.8532495 0.279308 -0.05930674 -0.4875872 0.8710576 0.8276693 -0.5606961 0.02415829 0.7373298 0.1750831 0.6524499 0.8605924 -0.4568997 -0.2249963 0.1368181 0.9905472 0.009846627 -0.9030109 0.4241878 -0.068089 -0.2378322 0.6870045 0.6866299 -0.8480542 0.03711557 0.5286083 0.1247767 0.9889163 0.0804705 0.1071211 0.9930698 -0.0483483 -0.9316436 0.3511684 0.09338712 -0.6963105 -0.7119154 0.09125995 0.7826796 -0.6186032 0.06886821 0.4919657 0.8354523 -0.2449269 -0.9961051 0.08130687 0.03411465 -0.9458144 -0.1177445 -0.3026075 0.9928042 0.05932945 -0.1040188 0.0975123 0.9947416 0.03131455 0.9913931 0.05449169 0.1190401 0.04498124 -0.9986676 -0.02529281 -0.1962141 0.8371044 -0.510643 -0.1444095 0.05412179 -0.9880368 -0.1727535 -0.8180943 -0.5485236 0.6823328 -0.01318824 0.7309227 -0.6777012 -0.1547772 0.7188638 -0.03924375 -0.8276278 0.5599039 0.0907911 -0.9919421 0.08836299 -0.7760992 0.4073539 0.4813863 -0.8083757 -0.355587 -0.4691341 0.3300688 0.6384831 0.6952654 -0.8667145 0.4422011 0.2307901 -0.6465039 -0.7133833 -0.2704015 -0.5008221 -0.8534679 -0.144118 0.4983791 0.3668633 -0.7855123 0.1979076 0.9198508 0.3386843 0.4745569 0.3622409 -0.8022328 -0.5789228 0.2573416 -0.7737078 0.617118 -0.6808914 -0.3944014 0.8214318 -0.2003799 -0.5339455 0.284457 0.9575834 0.04602581 -0.9873831 0.1147735 0.1090947 -0.5990606 -0.445948 -0.6650239 -0.8270461 -0.5618779 0.01697093 0.8221445 -0.2429144 0.5148507 0.5913643 -0.251058 -0.7663277 0.8274328 -0.2678345 -0.4935786 0.9318728 -0.3626825 0.008635342 0.31321 -0.6570283 -0.685721 0.3836165 -0.9226273 0.03996592 -0.7876415 0.2716791 0.553002 -0.7388134 0.04136747 -0.6726393 -0.6536601 -0.01535832 0.7566325 -0.7216811 0.2855861 0.6305688 -0.1083897 0.1868515 0.9763905 -0.2011339 0.4973981 0.8438841 0.9425773 0.2074177 -0.2617751 -0.04026812 0.9771398 -0.2087496 0.5102687 0.02134591 0.8597501 0.5648638 -0.3326324 0.7551719 -0.7005239 -0.413904 0.5813345 0.3021956 -0.6836802 0.6642734 0.6129307 -0.03103965 0.7895269 0.5633074 0.07665389 0.8226841 -0.7749698 0.2723622 -0.5702987 -0.5686994 0.8225356 -0.004038155 -0.8765664 0.02854156 -0.480434 0.1444079 0.05412602 -0.9880368 0.04026889 0.9771398 -0.2087489 -0.8221892 -0.03375589 -0.5682127 -0.5408255 0.1427188 -0.8289387</float_array>
          <technique_common>
            <accessor source="#TheSkeletonSpelos-mesh-normals-array" count="520" stride="3">
              <param name="X" type="float"/>
              <param name="Y" type="float"/>
              <param name="Z" type="float"/>
            </accessor>
          </technique_common>
        </source>
        <source id="TheSkeletonSpelos-mesh-map-0">
          <float_array id="TheSkeletonSpelos-mesh-map-0-array" count="5868">0.198504 0.777635 0.157186 0.756489 0.204212 0.745403 0.200969 0.956116 0.19731 0.896974 0.2322919 0.905016 0.2322919 0.905016 0.2035959 0.867565 0.232254 0.864183 0.127861 0.903245 0.09184795 0.932329 0.08161801 0.91584 0.01989996 0.84311 0.08330899 0.834849 0.06811195 0.862518 0.127255 0.934152 0.200969 0.956116 0.127294 0.984301 0.09184795 0.932329 0.127294 0.984301 0.071042 0.970604 0.1706849 0.916727 0.127861 0.903245 0.1658059 0.882208 0.19731 0.896974 0.1658059 0.882208 0.2035959 0.867565 0.198504 0.777635 0.232161 0.8093 0.199234 0.806696 0.232161 0.8093 0.203142 0.837591 0.199234 0.806696 0.117291 0.852317 0.08330899 0.834849 0.109906 0.833616 0.125203 0.874474 0.06811195 0.862518 0.117291 0.852317 0.01446294 0.90021 0.08161801 0.91584 0.04037398 0.949464 0.01446294 0.90021 0.06811195 0.862518 0.07445096 0.889942 0.167757 0.847116 0.117291 0.852317 0.155541 0.811551 0.199234 0.806696 0.169758 0.788708 0.198504 0.777635 0.203142 0.837591 0.155541 0.811551 0.199234 0.806696 0.232254 0.864183 0.203142 0.837591 0.232219 0.842396 0.127861 0.903245 0.07445096 0.889942 0.125203 0.874474 0.1658059 0.882208 0.125203 0.874474 0.167757 0.847116 0.2035959 0.867565 0.167757 0.847116 0.203142 0.837591 0.04037398 0.949464 0.09184795 0.932329 0.071042 0.970604 0.306982 0.756071 0.265688 0.777461 0.259811 0.745194 0.26374 0.956172 0.267306 0.896913 0.29402 0.916646 0.2322919 0.905016 0.260939 0.867491 0.267306 0.896913 0.33691 0.903034 0.373096 0.932109 0.337593 0.934019 0.445037 0.842394 0.381374 0.834314 0.411786 0.804636 0.337593 0.934019 0.26374 0.956172 0.29402 0.916646 0.373096 0.932109 0.337651 0.984301 0.337593 0.934019 0.29402 0.916646 0.33691 0.903034 0.337593 0.934019 0.05290096 0.805378 0.08212399 0.811284 0.08330899 0.834849 0.267306 0.896913 0.298826 0.88205 0.29402 0.916646 0.232161 0.8093 0.265688 0.777461 0.265094 0.806554 0.232161 0.8093 0.261299 0.83749 0.232219 0.842396 0.347356 0.851946 0.381374 0.834314 0.396714 0.862022 0.339494 0.874184 0.396714 0.862022 0.390437 0.88955 0.450671 0.899691 0.383316 0.915546 0.390437 0.88955 0.450671 0.899691 0.396714 0.862022 0.445037 0.842394 0.347356 0.851946 0.308871 0.811237 0.354697 0.833173 0.296765 0.846906 0.347356 0.851946 0.339494 0.874184 0.265094 0.806554 0.294533 0.788413 0.308871 0.811237 0.261299 0.83749 0.308871 0.811237 0.296765 0.846906 0.232254 0.864183 0.261299 0.83749 0.260939 0.867491 0.33691 0.903034 0.390437 0.88955 0.383316 0.915546 0.298826 0.88205 0.339494 0.874184 0.33691 0.903034 0.260939 0.867491 0.296765 0.846906 0.298826 0.88205 0.424781 0.949186 0.373096 0.932109 0.383316 0.915546 0.08212399 0.811284 0.109906 0.833616 0.08330899 0.834849 0.411786 0.804636 0.381374 0.834314 0.382472 0.810671 0.382472 0.810671 0.354697 0.833173 0.36704 0.778849 0.155541 0.811551 0.117291 0.852317 0.109906 0.833616 0.36704 0.778849 0.308871 0.811237 0.329465 0.764914 0.294533 0.788413 0.329465 0.764914 0.308871 0.811237 0.097377 0.779478 0.155541 0.811551 0.109906 0.833616 0.134798 0.765417 0.169758 0.788708 0.155541 0.811551 0.81076 0.878511 0.766666 0.898411 0.765146 0.879297 0.842759 0.878962 0.820505 0.920432 0.81076 0.878511 0.757378 0.830525 0.81076 0.878511 0.765146 0.879297 0.798214 0.802824 0.842759 0.878962 0.81076 0.878511 0.84304 0.974986 0.820505 0.920432 0.842883 0.921605 0.757378 0.830525 0.704433 0.881637 0.714766 0.827536 0.791618 0.967145 0.766666 0.898411 0.820505 0.920432 0.765146 0.879297 0.766666 0.898411 0.704433 0.881637 0.918963 0.897965 0.874754 0.878324 0.920372 0.878843 0.865255 0.920301 0.842759 0.878962 0.874754 0.878324 0.874754 0.878324 0.927854 0.830026 0.920372 0.878843 0.842759 0.878962 0.886858 0.802564 0.874754 0.878324 0.865255 0.920301 0.84304 0.974986 0.842883 0.921605 0.981098 0.880828 0.927854 0.830026 0.970449 0.826788 0.918963 0.897965 0.894415 0.966844 0.865255 0.920301 0.981098 0.880828 0.918963 0.897965 0.920372 0.878843 0.95472 0.307091 0.903645 0.278013 0.921852 0.239166 0.80205 0.312951 0.805064 0.278013 0.830392 0.285564 0.783532 0.533172 0.799745 0.604037 0.761357 0.534634 0.927369 0.534546 0.910782 0.582998 0.888783 0.565553 0.830392 0.285564 0.786856 0.239166 0.814537 0.217717 0.904956 0.377989 0.966777 0.394371 0.901109 0.412062 0.906658 0.312951 0.903645 0.278013 0.925862 0.314459 0.803446 0.534546 0.820034 0.583 0.783532 0.533172 0.921852 0.239166 0.878316 0.285564 0.894171 0.217717 0.854354 0.252532 0.814537 0.217717 0.854354 0.2302449 0.741931 0.394371 0.803753 0.377989 0.807599 0.412062 0.581207 0.489679 0.550375 0.534942 0.550375 0.495724 0.943748 0.364346 0.995953 0.348424 0.966777 0.394371 0.94969 0.350033 0.95472 0.307091 0.995953 0.348424 0.764961 0.364346 0.80475 0.346833 0.803753 0.377989 0.80475 0.346833 0.782846 0.314459 0.80205 0.312951 0.794266 0.460741 0.738641 0.473004 0.761959 0.42812 0.738641 0.473004 0.783532 0.533172 0.761357 0.534634 0.936545 0.460744 0.899482 0.491146 0.893245 0.465101 0.899482 0.491146 0.947282 0.53317 0.927369 0.534546 0.943748 0.364346 0.903958 0.346833 0.94969 0.350033 0.903958 0.346833 0.925862 0.314459 0.94969 0.350033 0.803753 0.377989 0.854354 0.366372 0.854354 0.384323 0.794266 0.460741 0.831333 0.491144 0.787268 0.47927 0.831333 0.491144 0.783532 0.533172 0.787268 0.47927 0.550375 0.534942 0.519544 0.489679 0.550375 0.495724 0.947282 0.53317 0.931072 0.604034 0.910782 0.582998 0.753989 0.307091 0.805064 0.278013 0.782846 0.314459 0.829325 0.622605 0.820034 0.583 0.842034 0.565553 0.910577 0.434623 0.936545 0.460744 0.893245 0.465101 0.910782 0.582998 0.901493 0.622604 0.888783 0.565553 0.865409 0.607556 0.842034 0.565553 0.865409 0.578064 0.794266 0.460741 0.820235 0.434618 0.837569 0.465097 0.107579 0.183762 0.08687096 0.204784 0.07469898 0.182681 0.936545 0.460744 0.992168 0.473004 0.943544 0.479271 0.992168 0.473004 0.947282 0.53317 0.943544 0.479271 0.764961 0.364346 0.712756 0.348424 0.759018 0.350033 0.759018 0.350033 0.753989 0.307091 0.782846 0.314459 0.894171 0.217717 0.854354 0.252532 0.854354 0.2302449 0.092242 0.150876 0.107579 0.183762 0.07469898 0.182681 0.904956 0.377989 0.854354 0.366372 0.903958 0.346833 0.107578 0.2265 0.128285 0.204785 0.1432099 0.233499 0.888783 0.565553 0.865409 0.607556 0.865409 0.578064 0.092242 0.150876 0.05721294 0.150021 0.08283698 0.13552 0.69751 0.63744 0.638094 0.606121 0.691081 0.581225 0.486531 0.637441 0.452348 0.602639 0.49296 0.581227 0.732858 0.660942 0.775155 0.631934 0.768018 0.679228 0.643261 0.643984 0.592021 0.630178 0.638094 0.606121 0.775155 0.631934 0.788785 0.696085 0.768018 0.679228 0.69751 0.63744 0.731693 0.602637 0.732858 0.660942 0.524112 0.735426 0.546178 0.690368 0.553849 0.725207 0.301471 0.698164 0.367933 0.642406 0.323012 0.725178 0.486531 0.637441 0.545948 0.606122 0.54078 0.643985 0.395256 0.696086 0.413841 0.741558 0.392073 0.747343 0.341905 0.641751 0.313538 0.639042 0.343647 0.628178 0.659931 0.735424 0.637864 0.690368 0.685944 0.706137 0.498097 0.706138 0.54078 0.643985 0.546178 0.690368 0.229857 0.644871 0.259608 0.640642 0.259651 0.697437 0.738066 0.753972 0.770199 0.741557 0.778742 0.78325 0.553849 0.725207 0.592021 0.691752 0.592021 0.727268 0.685944 0.706137 0.643261 0.643984 0.69751 0.63744 0.685944 0.706137 0.732858 0.660942 0.730348 0.719653 0.730348 0.719653 0.768018 0.679228 0.770199 0.741557 0.498097 0.706138 0.451183 0.660943 0.486531 0.637441 0.451183 0.660943 0.408886 0.631934 0.452348 0.602639 0.54078 0.643985 0.592021 0.630178 0.592021 0.653492 0.250489 0.584911 0.271214 0.599336 0.248614 0.607115 0.445974 0.753974 0.413841 0.741558 0.453693 0.719655 0.898571 0.722991 0.858255 0.733306 0.898571 0.692449 0.453693 0.719655 0.416023 0.679229 0.451183 0.660943 0.546178 0.690368 0.592021 0.653492 0.592021 0.691752 0.630194 0.725206 0.592021 0.691752 0.637864 0.690368 0.637864 0.690368 0.592021 0.653492 0.643261 0.643984 0.592021 0.727268 0.623733 0.774636 0.592022 0.774332 0.770199 0.741557 0.788785 0.696085 0.791968 0.747342 0.408886 0.631934 0.416023 0.679229 0.395256 0.696086 0.132674 0.607951 0.107577 0.650244 0.107577 0.603897 0.05019098 0.72097 0.07726496 0.654168 0.081218 0.717055 0.164963 0.72097 0.137888 0.654168 0.175909 0.659707 0.392073 0.747343 0.405298 0.783252 0.390859 0.792001 0.08247995 0.607952 0.107577 0.650244 0.07726496 0.654168 0.791968 0.747342 0.778742 0.78325 0.770199 0.741557 0.107577 0.280226 0.14267 0.363422 0.107576 0.375584 0.107576 0.469855 0.130544 0.560595 0.107577 0.55892 0.08460897 0.560595 0.107576 0.469855 0.107577 0.55892 0.107577 0.280226 0.07248198 0.363422 0.06676697 0.278515 0.107576 0.375584 0.08509898 0.464323 0.07248198 0.363422 0.02540194 0.466364 0.01411199 0.376133 0.07248198 0.363422 0.189749 0.466365 0.14267 0.363422 0.20104 0.376135 0.06676697 0.278515 0.01411199 0.376133 0.01330995 0.273229 0.107579 0.183762 0.128285 0.204785 0.107578 0.204907 0.1432099 0.233499 0.201843 0.273231 0.148387 0.278516 0.1229169 0.1508769 0.157946 0.150025 0.140457 0.182683 0.107576 0.375584 0.130053 0.464323 0.107576 0.469855 0.1229169 0.1508769 0.107579 0.183762 0.10758 0.1505089 0.107581 0.125654 0.132324 0.135522 0.1229169 0.1508769 0.107581 0.125654 0.092242 0.150876 0.08283698 0.13552 0.107581 0.125654 0.10758 0.1505089 0.092242 0.150876 0.107581 0.125654 0.1229169 0.1508769 0.10758 0.1505089 0.07194495 0.233498 0.01330995 0.273229 0.03973096 0.208955 0.854354 0.384323 0.904956 0.377989 0.901109 0.412062 0.07194495 0.233498 0.107577 0.280226 0.06676697 0.278515 0.25524 0.199016 0.281875 0.189423 0.281815 0.201368 0.2098259 0.197043 0.258212 0.172899 0.25524 0.199016 0.353882 0.196465 0.305127 0.172758 0.350399 0.174352 0.308317 0.198899 0.281875 0.189423 0.305127 0.172758 0.258212 0.172899 0.305127 0.172758 0.281875 0.189423 0.333079 0.429821 0.304198 0.417543 0.324903 0.415023 0.28293 0.453147 0.302537 0.444193 0.303024 0.470686 0.263556 0.444332 0.282848 0.417299 0.282846 0.443597 0.233388 0.430619 0.261493 0.41783 0.263556 0.444332 0.302537 0.444193 0.282848 0.417299 0.304198 0.417543 0.303024 0.470686 0.263318 0.47065 0.28293 0.453147 0.28293 0.453147 0.263556 0.444332 0.282846 0.443597 0.229737 0.444487 0.263556 0.444332 0.263318 0.47065 0.336916 0.443656 0.302537 0.444193 0.333079 0.429821 0.282848 0.417299 0.257361 0.233201 0.281893 0.233434 0.24073 0.415439 0.257361 0.233201 0.261493 0.41783 0.324903 0.415023 0.306499 0.232971 0.32862 0.237648 0.282848 0.417299 0.306499 0.232971 0.304198 0.417543 0.2352859 0.23813 0.25524 0.199016 0.257361 0.233201 0.281893 0.233434 0.308317 0.198899 0.306499 0.232971 0.32862 0.237648 0.308317 0.198899 0.353882 0.196465 0.281893 0.233434 0.25524 0.199016 0.281815 0.201368 0.453313 0.06654697 0.475241 0.05066299 0.467843 0.06788396 0.45917 0.01493096 0.475241 0.05066299 0.461437 0.04624795 0.463178 0.08487498 0.484231 0.107878 0.460468 0.115776 0.463178 0.08487498 0.467843 0.06788396 0.477155 0.08047997 0.475241 0.05066299 0.477155 0.08047997 0.467843 0.06788396 0.090281 0.1138499 0.1105329 0.09088397 0.111337 0.111675 0.05389398 0.08435696 0.068856 0.07032001 0.08435195 0.08627295 0.08151495 0.05406397 0.107704 0.06903898 0.068856 0.07032001 0.08648598 0.02624797 0.107716 0.04710996 0.08151495 0.05406397 0.08435195 0.08627295 0.107704 0.06903898 0.1105329 0.09088397 0.03727596 0.066446 0.05389398 0.08435696 0.03430199 0.06916797 0.05654996 0.05741 0.068856 0.07032001 0.05492496 0.07317197 0.067568 0.03440499 0.08151495 0.05406397 0.05654996 0.05741 0.07234495 0.10672 0.08435195 0.08627295 0.090281 0.1138499 0.28471 0.06685799 0.44322 0.04336398 0.443655 0.06618601 0.286211 0.01738595 0.44322 0.04336398 0.283851 0.04118698 0.285377 0.09306299 0.445389 0.112156 0.287085 0.117358 0.285377 0.09306299 0.443655 0.06618601 0.445863 0.08847999 0.44322 0.04336398 0.45917 0.01493096 0.461437 0.04624795 0.445863 0.08847999 0.453313 0.06654697 0.463178 0.08487498 0.445863 0.08847999 0.460468 0.115776 0.445389 0.112156 0.44322 0.04336398 0.453313 0.06654697 0.443655 0.06618601 0.107716 0.04710996 0.28471 0.06685799 0.107704 0.06903898 0.110036 0.02611798 0.283851 0.04118698 0.107716 0.04710996 0.111337 0.111675 0.285377 0.09306299 0.287085 0.117358 0.1105329 0.09088397 0.28471 0.06685799 0.285377 0.09306299 0.427967 0.1812649 0.40996 0.158219 0.428418 0.168685 0.402593 0.177142 0.374553 0.153299 0.40996 0.158219 0.453955 0.177857 0.481584 0.156718 0.484344 0.178809 0.427967 0.1812649 0.447307 0.1590099 0.453955 0.177857 0.40996 0.158219 0.447307 0.1590099 0.428418 0.168685 0.480017 0.414388 0.445899 0.392753 0.469675 0.389783 0.421859 0.440803 0.443083 0.43056 0.444693 0.461173 0.401677 0.429253 0.423002 0.397077 0.422137 0.427818 0.365899 0.41139 0.400488 0.392332 0.401677 0.429253 0.443083 0.43056 0.423002 0.397077 0.445899 0.392753 0.444693 0.461173 0.398365 0.459646 0.421859 0.440803 0.421859 0.440803 0.401677 0.429253 0.422137 0.427818 0.363097 0.432302 0.401677 0.429253 0.398365 0.459646 0.481567 0.435298 0.443083 0.43056 0.480017 0.414388 0.423002 0.397077 0.400488 0.392332 0.4271 0.204006 0.377289 0.387131 0.394882 0.205597 0.400488 0.392332 0.469675 0.389783 0.446131 0.20765 0.473832 0.204662 0.445899 0.392753 0.4271 0.204006 0.446131 0.20765 0.394882 0.205597 0.370453 0.17611 0.402593 0.177142 0.446131 0.20765 0.427967 0.1812649 0.453955 0.177857 0.473832 0.204662 0.453955 0.177857 0.484344 0.178809 0.4271 0.204006 0.402593 0.177142 0.427967 0.1812649 0.620669 0.09304499 0.597799 0.07045 0.620941 0.08209097 0.552203 0.07358497 0.597799 0.07045 0.592709 0.09135198 0.68533 0.08329999 0.64236 0.06999295 0.668398 0.05864 0.620669 0.09304499 0.64236 0.06999295 0.646351 0.090532 0.597799 0.07045 0.64236 0.06999295 0.620941 0.08209097 0.689732 0.43315 0.658218 0.384284 0.700702 0.392408 0.638921 0.445618 0.614475 0.405303 0.646737 0.41872 0.57892 0.413193 0.610107 0.375892 0.614475 0.405303 0.57892 0.413193 0.539838 0.387152 0.57126 0.381355 0.646737 0.41872 0.610107 0.375892 0.658218 0.384284 0.638921 0.445618 0.586107 0.44332 0.613629 0.421154 0.613629 0.421154 0.57892 0.413193 0.614475 0.405303 0.586107 0.44332 0.533879 0.430739 0.57892 0.413193 0.679967 0.453118 0.646737 0.41872 0.689732 0.43315 0.610107 0.375892 0.582539 0.137307 0.616234 0.133701 0.57126 0.381355 0.553988 0.136623 0.582539 0.137307 0.658218 0.384284 0.685939 0.13512 0.700702 0.392408 0.610107 0.375892 0.653371 0.136018 0.658218 0.384284 0.553988 0.136623 0.592709 0.09135198 0.582539 0.137307 0.616234 0.133701 0.646351 0.090532 0.653371 0.136018 0.653371 0.136018 0.68533 0.08329999 0.685939 0.13512 0.616234 0.133701 0.592709 0.09135198 0.620669 0.09304499 0.562329 0.900177 0.542313 0.931761 0.563976 0.935025 0.634726 0.932539 0.619204 0.900181 0.616055 0.929363 0.616055 0.929363 0.59219 0.902356 0.59259 0.929331 0.562329 0.900177 0.547662 0.849058 0.541701 0.897107 0.591086 0.858364 0.562329 0.900177 0.59219 0.902356 0.626456 0.97295 0.613392 0.96058 0.609086 0.978052 0.59606 0.958437 0.563976 0.935025 0.580785 0.966993 0.616055 0.929363 0.59606 0.958437 0.613392 0.96058 0.563976 0.935025 0.547691 0.965468 0.580785 0.966993 0.59259 0.929331 0.562329 0.900177 0.563976 0.935025 0.616055 0.929363 0.630988 0.955236 0.634726 0.932539 0.504839 0.949289 0.523882 0.957551 0.523725 0.95242 0.650539 0.955546 0.630988 0.955236 0.626456 0.97295 0.542313 0.931761 0.550217 0.952759 0.563976 0.935025 0.634726 0.932539 0.64731 0.948735 0.64235 0.935971 0.504839 0.949289 0.500302 0.946444 0.500558 0.95044 0.505035 0.946193 0.523725 0.95242 0.525676 0.946577 0.64235 0.935971 0.664063 0.934403 0.661292 0.929093 0.669604 0.937712 0.685845 0.912449 0.664063 0.934403 0.550217 0.952759 0.523882 0.957551 0.547691 0.965468 0.525676 0.946577 0.550217 0.952759 0.54068 0.939132 0.679934 0.913437 0.664063 0.934403 0.685845 0.912449 0.650539 0.955546 0.664063 0.934403 0.64731 0.948735 0.82782 0.194584 0.809958 0.161198 0.830757 0.176658 0.86425 0.08804899 0.875575 0.163205 0.85996 0.156744 0.85996 0.156744 0.850181 0.196066 0.84303 0.174938 0.850181 0.196066 0.830757 0.176658 0.84303 0.174938 0.795206 0.168119 0.800097 0.08240097 0.809958 0.161198 0.826847 0.150624 0.814349 0.08641999 0.828182 0.134059 0.826847 0.150624 0.809958 0.161198 0.814349 0.08641999 0.809958 0.161198 0.800097 0.08240097 0.814349 0.08641999 0.872231 0.08465498 0.903115 0.164619 0.875575 0.163205 0.807632 0.05528396 0.863878 0.04971897 0.852986 0.06392598 0.839074 0.136541 0.826847 0.150624 0.828182 0.134059 0.875575 0.163205 0.890082 0.195239 0.876632 0.193348 0.842597 0.150887 0.832313 0.168166 0.826847 0.150624 0.832313 0.168166 0.809958 0.161198 0.826847 0.150624 0.839074 0.136541 0.854146 0.08904898 0.842597 0.150887 0.854146 0.08904898 0.85996 0.156744 0.842597 0.150887 0.854146 0.08904898 0.86425 0.08804899 0.85996 0.156744 0.828182 0.134059 0.854146 0.08904898 0.839074 0.136541 0.84303 0.174938 0.832313 0.168166 0.840602 0.166938 0.85996 0.156744 0.840602 0.166938 0.842597 0.150887 0.814349 0.08641999 0.852986 0.06392598 0.854146 0.08904898 0.784791 0.07823497 0.807632 0.05528396 0.800097 0.08240097 0.852986 0.06392598 0.872231 0.08465498 0.86425 0.08804899 0.814349 0.08641999 0.800097 0.08240097 0.807632 0.05528396 0.854146 0.08904898 0.852986 0.06392598 0.86425 0.08804899 0.873123 0.05660396 0.929314 0.07760697 0.872231 0.08465498 0.03727596 0.066446 0.05654996 0.05741 0.05492496 0.07317197 0.367933 0.642406 0.343647 0.628178 0.375962 0.627495 0.343647 0.628178 0.349784 0.591517 0.375962 0.627495 0.231892 0.626625 0.232206 0.590967 0.248614 0.607115 0.231892 0.626625 0.204236 0.636342 0.201829 0.619691 0.248614 0.607115 0.259608 0.640642 0.231892 0.626625 0.201829 0.573199 0.250869 0.52862 0.210054 0.586837 0.330698 0.582142 0.338022 0.523355 0.372624 0.589698 0.307095 0.594351 0.330698 0.582142 0.329608 0.605567 0.379848 0.575668 0.338022 0.523355 0.376146 0.476182 0.329608 0.605567 0.313538 0.639042 0.307095 0.594351 0.229857 0.644871 0.234298 0.721652 0.204236 0.636342 0.250489 0.584911 0.250869 0.52862 0.283206 0.549113 0.03430199 0.06916797 0.03679698 0.05945396 0.03727596 0.066446 0.04972797 0.118444 0.05389398 0.08435696 0.07234495 0.10672 0.03888797 0.03188496 0.05654996 0.05741 0.02868598 0.04158598 0.461584 0.564917 0.496782 0.523272 0.493361 0.561224 0.461425 0.504107 0.440675 0.5378 0.441471 0.512141 0.660075 0.5378 0.639325 0.504108 0.659279 0.512141 0.603968 0.523272 0.639166 0.564917 0.60739 0.561224 0.579868 0.552904 0.603968 0.523272 0.60739 0.561224 0.807599 0.412062 0.803753 0.377989 0.854354 0.384323 0.107578 0.2265 0.08687096 0.204784 0.107578 0.204907 0.496782 0.523272 0.520882 0.552904 0.493361 0.561224 0.1432099 0.233499 0.107577 0.280226 0.107578 0.2265 0.148387 0.278516 0.20104 0.376135 0.14267 0.363422 0.938887 0.733307 0.898571 0.722991 0.898571 0.692449 0.623733 0.774636 0.630194 0.725206 0.659931 0.735424 0.812497 0.685155 0.858255 0.733306 0.812588 0.721937 0.898571 0.692449 0.832923 0.647789 0.898572 0.640097 0.938887 0.733307 0.984646 0.685158 0.984554 0.72194 0.898571 0.692449 0.964222 0.647792 0.938887 0.733307 0.130544 0.560595 0.107577 0.603897 0.107577 0.55892 0.623733 0.774636 0.609182 0.798403 0.592022 0.774332 0.08460897 0.560595 0.107577 0.603897 0.08247995 0.607952 0.574864 0.798404 0.560311 0.774637 0.592022 0.774332 0.175684 0.615894 0.137888 0.654168 0.132674 0.607951 0.03946995 0.615894 0.07726496 0.654168 0.03924494 0.659708 0.107577 0.709536 0.137888 0.654168 0.133935 0.717055 0.107577 0.709536 0.07726496 0.654168 0.107577 0.650244 0.63683 0.849694 0.619204 0.900181 0.63847 0.897278 0.619204 0.900181 0.591086 0.858364 0.59219 0.902356 0.560311 0.774637 0.592021 0.727268 0.592022 0.774332 0.524112 0.735426 0.553849 0.725207 0.560311 0.774637 0.400488 0.392332 0.394882 0.205597 0.4271 0.204006 0.281875 0.189423 0.25524 0.199016 0.281815 0.201368 0.258212 0.172899 0.2098259 0.197043 0.25524 0.199016 0.353882 0.196465 0.305127 0.172758 0.308317 0.198899 0.308317 0.198899 0.281875 0.189423 0.281815 0.201368 0.305127 0.172758 0.258212 0.172899 0.281875 0.189423 0.333079 0.429821 0.304198 0.417543 0.302537 0.444193 0.302537 0.444193 0.28293 0.453147 0.303024 0.470686 0.282848 0.417299 0.263556 0.444332 0.282846 0.443597 0.261493 0.41783 0.233388 0.430619 0.263556 0.444332 0.302537 0.444193 0.282848 0.417299 0.282846 0.443597 0.303024 0.470686 0.263318 0.47065 0.282402 0.507572 0.28293 0.453147 0.263556 0.444332 0.263318 0.47065 0.263556 0.444332 0.229737 0.444487 0.263318 0.47065 0.336916 0.443656 0.302537 0.444193 0.303024 0.470686 0.282848 0.417299 0.257361 0.233201 0.261493 0.41783 0.257361 0.233201 0.24073 0.415439 0.261493 0.41783 0.324903 0.415023 0.306499 0.232971 0.304198 0.417543 0.306499 0.232971 0.282848 0.417299 0.304198 0.417543 0.25524 0.199016 0.2352859 0.23813 0.257361 0.233201 0.308317 0.198899 0.281893 0.233434 0.306499 0.232971 0.32862 0.237648 0.308317 0.198899 0.306499 0.232971 0.281893 0.233434 0.25524 0.199016 0.257361 0.233201 0.453313 0.06654697 0.475241 0.05066299 0.461437 0.04624795 0.475241 0.05066299 0.45917 0.01493096 0.461437 0.04624795 0.484231 0.107878 0.463178 0.08487498 0.460468 0.115776 0.463178 0.08487498 0.467843 0.06788396 0.453313 0.06654697 0.477155 0.08047997 0.475241 0.05066299 0.467843 0.06788396 0.090281 0.1138499 0.1105329 0.09088397 0.08435195 0.08627295 0.05389398 0.08435696 0.068856 0.07032001 0.05492496 0.07317197 0.107704 0.06903898 0.08151495 0.05406397 0.068856 0.07032001 0.107716 0.04710996 0.08648598 0.02624797 0.08151495 0.05406397 0.08435195 0.08627295 0.107704 0.06903898 0.068856 0.07032001 0.05389398 0.08435696 0.03727596 0.066446 0.03430199 0.06916797 0.068856 0.07032001 0.05654996 0.05741 0.05492496 0.07317197 0.08151495 0.05406397 0.067568 0.03440499 0.05654996 0.05741 0.07234495 0.10672 0.08435195 0.08627295 0.05389398 0.08435696 0.28471 0.06685799 0.44322 0.04336398 0.283851 0.04118698 0.44322 0.04336398 0.286211 0.01738595 0.283851 0.04118698 0.445389 0.112156 0.285377 0.09306299 0.287085 0.117358 0.285377 0.09306299 0.443655 0.06618601 0.28471 0.06685799 0.44322 0.04336398 0.45917 0.01493096 0.444834 0.01960796 0.445863 0.08847999 0.453313 0.06654697 0.443655 0.06618601 0.460468 0.115776 0.445863 0.08847999 0.445389 0.112156 0.453313 0.06654697 0.44322 0.04336398 0.443655 0.06618601 0.28471 0.06685799 0.107716 0.04710996 0.107704 0.06903898 0.283851 0.04118698 0.110036 0.02611798 0.107716 0.04710996 0.111337 0.111675 0.285377 0.09306299 0.1105329 0.09088397 0.1105329 0.09088397 0.28471 0.06685799 0.107704 0.06903898 0.427967 0.1812649 0.40996 0.158219 0.402593 0.177142 0.402593 0.177142 0.374553 0.153299 0.370453 0.17611 0.481584 0.156718 0.453955 0.177857 0.484344 0.178809 0.447307 0.1590099 0.427967 0.1812649 0.453955 0.177857 0.447307 0.1590099 0.40996 0.158219 0.428418 0.168685 0.480017 0.414388 0.445899 0.392753 0.443083 0.43056 0.443083 0.43056 0.421859 0.440803 0.444693 0.461173 0.423002 0.397077 0.401677 0.429253 0.422137 0.427818 0.400488 0.392332 0.365899 0.41139 0.401677 0.429253 0.443083 0.43056 0.423002 0.397077 0.422137 0.427818 0.444693 0.461173 0.398365 0.459646 0.419786 0.496165 0.421859 0.440803 0.401677 0.429253 0.398365 0.459646 0.401677 0.429253 0.363097 0.432302 0.398365 0.459646 0.481567 0.435298 0.443083 0.43056 0.444693 0.461173 0.423002 0.397077 0.4271 0.204006 0.400488 0.392332 0.394882 0.205597 0.377289 0.387131 0.400488 0.392332 0.469675 0.389783 0.446131 0.20765 0.445899 0.392753 0.445899 0.392753 0.4271 0.204006 0.423002 0.397077 0.394882 0.205597 0.370453 0.17611 0.376042 0.204117 0.446131 0.20765 0.427967 0.1812649 0.4271 0.204006 0.473832 0.204662 0.453955 0.177857 0.446131 0.20765 0.4271 0.204006 0.402593 0.177142 0.394882 0.205597 0.620669 0.09304499 0.597799 0.07045 0.592709 0.09135198 0.597799 0.07045 0.552203 0.07358497 0.592709 0.09135198 0.68533 0.08329999 0.64236 0.06999295 0.646351 0.090532 0.64236 0.06999295 0.620669 0.09304499 0.646351 0.090532 0.64236 0.06999295 0.597799 0.07045 0.620941 0.08209097 0.689732 0.43315 0.658218 0.384284 0.646737 0.41872 0.638921 0.445618 0.614475 0.405303 0.613629 0.421154 0.610107 0.375892 0.57892 0.413193 0.614475 0.405303 0.57892 0.413193 0.539838 0.387152 0.533879 0.430739 0.646737 0.41872 0.610107 0.375892 0.614475 0.405303 0.638921 0.445618 0.586107 0.44332 0.61249 0.476431 0.613629 0.421154 0.57892 0.413193 0.586107 0.44332 0.586107 0.44332 0.533879 0.430739 0.543323 0.450815 0.679967 0.453118 0.646737 0.41872 0.638921 0.445618 0.610107 0.375892 0.582539 0.137307 0.57126 0.381355 0.57126 0.381355 0.553988 0.136623 0.539838 0.387152 0.685939 0.13512 0.658218 0.384284 0.700702 0.392408 0.653371 0.136018 0.610107 0.375892 0.658218 0.384284 0.592709 0.09135198 0.553988 0.136623 0.582539 0.137307 0.646351 0.090532 0.616234 0.133701 0.653371 0.136018 0.68533 0.08329999 0.653371 0.136018 0.685939 0.13512 0.616234 0.133701 0.592709 0.09135198 0.582539 0.137307 0.542313 0.931761 0.562329 0.900177 0.563976 0.935025 0.634726 0.932539 0.619204 0.900181 0.63847 0.897278 0.616055 0.929363 0.59219 0.902356 0.619204 0.900181 0.562329 0.900177 0.547662 0.849058 0.5642 0.836141 0.562329 0.900177 0.591086 0.858364 0.59219 0.902356 0.613392 0.96058 0.626456 0.97295 0.609086 0.978052 0.59606 0.958437 0.563976 0.935025 0.59259 0.929331 0.59606 0.958437 0.616055 0.929363 0.613392 0.96058 0.563976 0.935025 0.547691 0.965468 0.550217 0.952759 0.59259 0.929331 0.562329 0.900177 0.59219 0.902356 0.630988 0.955236 0.616055 0.929363 0.634726 0.932539 0.523882 0.957551 0.504839 0.949289 0.523725 0.95242 0.630988 0.955236 0.650539 0.955546 0.626456 0.97295 0.542313 0.931761 0.550217 0.952759 0.54068 0.939132 0.64731 0.948735 0.634726 0.932539 0.64235 0.935971 0.500302 0.946444 0.504839 0.949289 0.500558 0.95044 0.523725 0.95242 0.505035 0.946193 0.525676 0.946577 0.664063 0.934403 0.64235 0.935971 0.661292 0.929093 0.669604 0.937712 0.685845 0.912449 0.689211 0.914537 0.550217 0.952759 0.523882 0.957551 0.523725 0.95242 0.550217 0.952759 0.525676 0.946577 0.54068 0.939132 0.679934 0.913437 0.664063 0.934403 0.661292 0.929093 0.650539 0.955546 0.664063 0.934403 0.669604 0.937712 0.809958 0.161198 0.82782 0.194584 0.830757 0.176658 0.86425 0.08804899 0.875575 0.163205 0.872231 0.08465498 0.85996 0.156744 0.850181 0.196066 0.875575 0.163205 0.830757 0.176658 0.850181 0.196066 0.84303 0.174938 0.800097 0.08240097 0.795206 0.168119 0.809958 0.161198 0.826847 0.150624 0.828182 0.134059 0.814349 0.08641999 0.826847 0.150624 0.814349 0.08641999 0.809958 0.161198 0.814349 0.08641999 0.800097 0.08240097 0.809958 0.161198 0.903115 0.164619 0.872231 0.08465498 0.875575 0.163205 0.807632 0.05528396 0.863878 0.04971897 0.798806 0.02730095 0.839074 0.136541 0.826847 0.150624 0.842597 0.150887 0.890082 0.195239 0.875575 0.163205 0.876632 0.193348 0.842597 0.150887 0.832313 0.168166 0.840602 0.166938 0.832313 0.168166 0.809958 0.161198 0.830757 0.176658 0.839074 0.136541 0.842597 0.150887 0.854146 0.08904898 0.842597 0.150887 0.85996 0.156744 0.854146 0.08904898 0.85996 0.156744 0.86425 0.08804899 0.854146 0.08904898 0.828182 0.134059 0.854146 0.08904898 0.814349 0.08641999 0.832313 0.168166 0.84303 0.174938 0.840602 0.166938 0.840602 0.166938 0.85996 0.156744 0.842597 0.150887 0.814349 0.08641999 0.852986 0.06392598 0.807632 0.05528396 0.807632 0.05528396 0.784791 0.07823497 0.800097 0.08240097 0.852986 0.06392598 0.872231 0.08465498 0.863878 0.04971897 0.814349 0.08641999 0.807632 0.05528396 0.800097 0.08240097 0.854146 0.08904898 0.86425 0.08804899 0.852986 0.06392598 0.929314 0.07760697 0.873123 0.05660396 0.872231 0.08465498 0.03727596 0.066446 0.05654996 0.05741 0.03679698 0.05945396 0.03430199 0.06916797 0.03679698 0.05945396 0.02908796 0.06045097 0.04972797 0.118444 0.05389398 0.08435696 0.03428995 0.113284 0.05654996 0.05741 0.03888797 0.03188496 0.02868598 0.04158598 0.619204 0.900181 0.63683 0.849694 0.63847 0.897278 0.619204 0.900181 0.591086 0.858364 0.61998 0.836155 0.400488 0.392332 0.4271 0.204006 0.394882 0.205597 0.198504 0.777635 0.169758 0.788708 0.157186 0.756489 0.200969 0.956116 0.1706849 0.916727 0.19731 0.896974 0.2322919 0.905016 0.19731 0.896974 0.2035959 0.867565 0.127861 0.903245 0.127255 0.934152 0.09184795 0.932329 0.01989996 0.84311 0.05290096 0.805378 0.08330899 0.834849 0.127255 0.934152 0.1706849 0.916727 0.200969 0.956116 0.09184795 0.932329 0.127255 0.934152 0.127294 0.984301 0.1706849 0.916727 0.127255 0.934152 0.127861 0.903245 0.19731 0.896974 0.1706849 0.916727 0.1658059 0.882208 0.198504 0.777635 0.232074 0.772136 0.232161 0.8093 0.232161 0.8093 0.232219 0.842396 0.203142 0.837591 0.117291 0.852317 0.06811195 0.862518 0.08330899 0.834849 0.125203 0.874474 0.07445096 0.889942 0.06811195 0.862518 0.01446294 0.90021 0.07445096 0.889942 0.08161801 0.91584 0.01446294 0.90021 0.01989996 0.84311 0.06811195 0.862518 0.167757 0.847116 0.125203 0.874474 0.117291 0.852317 0.199234 0.806696 0.155541 0.811551 0.169758 0.788708 0.203142 0.837591 0.167757 0.847116 0.155541 0.811551 0.232254 0.864183 0.2035959 0.867565 0.203142 0.837591 0.127861 0.903245 0.08161801 0.91584 0.07445096 0.889942 0.1658059 0.882208 0.127861 0.903245 0.125203 0.874474 0.2035959 0.867565 0.1658059 0.882208 0.167757 0.847116 0.04037398 0.949464 0.08161801 0.91584 0.09184795 0.932329 0.306982 0.756071 0.294533 0.788413 0.265688 0.777461 0.26374 0.956172 0.2322919 0.905016 0.267306 0.896913 0.2322919 0.905016 0.232254 0.864183 0.260939 0.867491 0.33691 0.903034 0.383316 0.915546 0.373096 0.932109 0.445037 0.842394 0.396714 0.862022 0.381374 0.834314 0.337593 0.934019 0.337651 0.984301 0.26374 0.956172 0.373096 0.932109 0.394048 0.970459 0.337651 0.984301 0.29402 0.916646 0.298826 0.88205 0.33691 0.903034 0.267306 0.896913 0.260939 0.867491 0.298826 0.88205 0.232161 0.8093 0.232074 0.772136 0.265688 0.777461 0.232161 0.8093 0.265094 0.806554 0.261299 0.83749 0.347356 0.851946 0.354697 0.833173 0.381374 0.834314 0.339494 0.874184 0.347356 0.851946 0.396714 0.862022 0.450671 0.899691 0.424781 0.949186 0.383316 0.915546 0.450671 0.899691 0.390437 0.88955 0.396714 0.862022 0.296765 0.846906 0.308871 0.811237 0.347356 0.851946 0.265094 0.806554 0.265688 0.777461 0.294533 0.788413 0.261299 0.83749 0.265094 0.806554 0.308871 0.811237 0.232254 0.864183 0.232219 0.842396 0.261299 0.83749 0.33691 0.903034 0.339494 0.874184 0.390437 0.88955 0.298826 0.88205 0.296765 0.846906 0.339494 0.874184 0.260939 0.867491 0.261299 0.83749 0.296765 0.846906 0.424781 0.949186 0.394048 0.970459 0.373096 0.932109 0.08212399 0.811284 0.097377 0.779478 0.109906 0.833616 0.382472 0.810671 0.381374 0.834314 0.354697 0.833173 0.36704 0.778849 0.354697 0.833173 0.308871 0.811237 0.294533 0.788413 0.306982 0.756071 0.329465 0.764914 0.097377 0.779478 0.134798 0.765417 0.155541 0.811551 0.134798 0.765417 0.157186 0.756489 0.169758 0.788708 0.81076 0.878511 0.820505 0.920432 0.766666 0.898411 0.842759 0.878962 0.842883 0.921605 0.820505 0.920432 0.757378 0.830525 0.798214 0.802824 0.81076 0.878511 0.798214 0.802824 0.842522 0.797965 0.842759 0.878962 0.84304 0.974986 0.791618 0.967145 0.820505 0.920432 0.757378 0.830525 0.765146 0.879297 0.704433 0.881637 0.791618 0.967145 0.749411 0.938143 0.766666 0.898411 0.704433 0.881637 0.766666 0.898411 0.749411 0.938143 0.918963 0.897965 0.865255 0.920301 0.874754 0.878324 0.865255 0.920301 0.842883 0.921605 0.842759 0.878962 0.874754 0.878324 0.886858 0.802564 0.927854 0.830026 0.842759 0.878962 0.842522 0.797965 0.886858 0.802564 0.865255 0.920301 0.894415 0.966844 0.84304 0.974986 0.981098 0.880828 0.920372 0.878843 0.927854 0.830026 0.918963 0.897965 0.936451 0.937596 0.894415 0.966844 0.936451 0.937596 0.918963 0.897965 0.981098 0.880828 0.95472 0.307091 0.925862 0.314459 0.903645 0.278013 0.80205 0.312951 0.782846 0.314459 0.805064 0.278013 0.783532 0.533172 0.820034 0.583 0.799745 0.604037 0.927369 0.534546 0.947282 0.53317 0.910782 0.582998 0.830392 0.285564 0.805064 0.278013 0.786856 0.239166 0.904956 0.377989 0.943748 0.364346 0.966777 0.394371 0.906658 0.312951 0.878316 0.285564 0.903645 0.278013 0.803446 0.534546 0.842034 0.565553 0.820034 0.583 0.921852 0.239166 0.903645 0.278013 0.878316 0.285564 0.854354 0.252532 0.830392 0.285564 0.814537 0.217717 0.741931 0.394371 0.764961 0.364346 0.803753 0.377989 0.581207 0.489679 0.579868 0.552904 0.550375 0.534942 0.943748 0.364346 0.94969 0.350033 0.995953 0.348424 0.94969 0.350033 0.925862 0.314459 0.95472 0.307091 0.764961 0.364346 0.759018 0.350033 0.80475 0.346833 0.80475 0.346833 0.759018 0.350033 0.782846 0.314459 0.794266 0.460741 0.787268 0.47927 0.738641 0.473004 0.738641 0.473004 0.787268 0.47927 0.783532 0.533172 0.936545 0.460744 0.943544 0.479271 0.899482 0.491146 0.899482 0.491146 0.943544 0.479271 0.947282 0.53317 0.943748 0.364346 0.904956 0.377989 0.903958 0.346833 0.903958 0.346833 0.906658 0.312951 0.925862 0.314459 0.803753 0.377989 0.80475 0.346833 0.854354 0.366372 0.794266 0.460741 0.837569 0.465097 0.831333 0.491144 0.831333 0.491144 0.803446 0.534546 0.783532 0.533172 0.550375 0.534942 0.520882 0.552904 0.519544 0.489679 0.947282 0.53317 0.969456 0.534632 0.931072 0.604034 0.753989 0.307091 0.786856 0.239166 0.805064 0.278013 0.829325 0.622605 0.799745 0.604037 0.820034 0.583 0.910577 0.434623 0.968849 0.428123 0.936545 0.460744 0.910782 0.582998 0.931072 0.604034 0.901493 0.622604 0.865409 0.607556 0.829325 0.622605 0.842034 0.565553 0.794266 0.460741 0.761959 0.42812 0.820235 0.434618 0.107579 0.183762 0.107578 0.204907 0.08687096 0.204784 0.936545 0.460744 0.968849 0.428123 0.992168 0.473004 0.992168 0.473004 0.969456 0.534632 0.947282 0.53317 0.764961 0.364346 0.741931 0.394371 0.712756 0.348424 0.759018 0.350033 0.712756 0.348424 0.753989 0.307091 0.894171 0.217717 0.878316 0.285564 0.854354 0.252532 0.092242 0.150876 0.10758 0.1505089 0.107579 0.183762 0.904956 0.377989 0.854354 0.384323 0.854354 0.366372 0.107578 0.2265 0.107578 0.204907 0.128285 0.204785 0.888783 0.565553 0.901493 0.622604 0.865409 0.607556 0.092242 0.150876 0.07469898 0.182681 0.05721294 0.150021 0.69751 0.63744 0.643261 0.643984 0.638094 0.606121 0.486531 0.637441 0.451183 0.660943 0.452348 0.602639 0.732858 0.660942 0.731693 0.602637 0.775155 0.631934 0.643261 0.643984 0.592021 0.653492 0.592021 0.630178 0.69751 0.63744 0.691081 0.581225 0.731693 0.602637 0.524112 0.735426 0.498097 0.706138 0.546178 0.690368 0.301471 0.698164 0.341905 0.641751 0.367933 0.642406 0.486531 0.637441 0.49296 0.581227 0.545948 0.606122 0.395256 0.696086 0.416023 0.679229 0.413841 0.741558 0.341905 0.641751 0.301471 0.698164 0.313538 0.639042 0.659931 0.735424 0.630194 0.725206 0.637864 0.690368 0.498097 0.706138 0.486531 0.637441 0.54078 0.643985 0.229857 0.644871 0.231892 0.626625 0.259608 0.640642 0.738066 0.753972 0.730348 0.719653 0.770199 0.741557 0.553849 0.725207 0.546178 0.690368 0.592021 0.691752 0.685944 0.706137 0.637864 0.690368 0.643261 0.643984 0.685944 0.706137 0.69751 0.63744 0.732858 0.660942 0.730348 0.719653 0.732858 0.660942 0.768018 0.679228 0.498097 0.706138 0.453693 0.719655 0.451183 0.660943 0.451183 0.660943 0.416023 0.679229 0.408886 0.631934 0.54078 0.643985 0.545948 0.606122 0.592021 0.630178 0.250489 0.584911 0.283206 0.549113 0.271214 0.599336 0.445974 0.753974 0.405298 0.783252 0.413841 0.741558 0.453693 0.719655 0.413841 0.741558 0.416023 0.679229 0.546178 0.690368 0.54078 0.643985 0.592021 0.653492 0.630194 0.725206 0.592021 0.727268 0.592021 0.691752 0.637864 0.690368 0.592021 0.691752 0.592021 0.653492 0.592021 0.727268 0.630194 0.725206 0.623733 0.774636 0.770199 0.741557 0.768018 0.679228 0.788785 0.696085 0.132674 0.607951 0.137888 0.654168 0.107577 0.650244 0.05019098 0.72097 0.03924494 0.659708 0.07726496 0.654168 0.164963 0.72097 0.133935 0.717055 0.137888 0.654168 0.392073 0.747343 0.413841 0.741558 0.405298 0.783252 0.08247995 0.607952 0.107577 0.603897 0.107577 0.650244 0.791968 0.747342 0.793181 0.791999 0.778742 0.78325 0.107577 0.280226 0.148387 0.278516 0.14267 0.363422 0.107576 0.469855 0.130053 0.464323 0.130544 0.560595 0.08460897 0.560595 0.08509898 0.464323 0.107576 0.469855 0.107577 0.280226 0.107576 0.375584 0.07248198 0.363422 0.107576 0.375584 0.107576 0.469855 0.08509898 0.464323 0.06676697 0.278515 0.07248198 0.363422 0.01411199 0.376133 0.107579 0.183762 0.140457 0.182683 0.128285 0.204785 0.1432099 0.233499 0.175424 0.208957 0.201843 0.273231 0.1229169 0.1508769 0.132324 0.135522 0.157946 0.150025 0.107576 0.375584 0.14267 0.363422 0.130053 0.464323 0.1229169 0.1508769 0.140457 0.182683 0.107579 0.183762 0.07194495 0.233498 0.06676697 0.278515 0.01330995 0.273229 0.07194495 0.233498 0.107578 0.2265 0.107577 0.280226 0.25524 0.199016 0.258212 0.172899 0.281875 0.189423 0.2098259 0.197043 0.212819 0.174876 0.258212 0.172899 0.353882 0.196465 0.308317 0.198899 0.305127 0.172758 0.308317 0.198899 0.281815 0.201368 0.281875 0.189423 0.258212 0.172899 0.281707 0.1378329 0.305127 0.172758 0.333079 0.429821 0.302537 0.444193 0.304198 0.417543 0.28293 0.453147 0.282846 0.443597 0.302537 0.444193 0.263556 0.444332 0.261493 0.41783 0.282848 0.417299 0.233388 0.430619 0.24073 0.415439 0.261493 0.41783 0.302537 0.444193 0.282846 0.443597 0.282848 0.417299 0.303024 0.470686 0.282402 0.507572 0.263318 0.47065 0.28293 0.453147 0.263318 0.47065 0.263556 0.444332 0.229737 0.444487 0.233388 0.430619 0.263556 0.444332 0.336916 0.443656 0.303024 0.470686 0.302537 0.444193 0.282848 0.417299 0.261493 0.41783 0.257361 0.233201 0.24073 0.415439 0.2352859 0.23813 0.257361 0.233201 0.324903 0.415023 0.304198 0.417543 0.306499 0.232971 0.282848 0.417299 0.281893 0.233434 0.306499 0.232971 0.2352859 0.23813 0.2098259 0.197043 0.25524 0.199016 0.281893 0.233434 0.281815 0.201368 0.308317 0.198899 0.32862 0.237648 0.306499 0.232971 0.308317 0.198899 0.281893 0.233434 0.257361 0.233201 0.25524 0.199016 0.453313 0.06654697 0.461437 0.04624795 0.475241 0.05066299 0.45917 0.01493096 0.485543 0.01988899 0.475241 0.05066299 0.463178 0.08487498 0.477155 0.08047997 0.484231 0.107878 0.463178 0.08487498 0.453313 0.06654697 0.467843 0.06788396 0.475241 0.05066299 0.494001 0.06710696 0.477155 0.08047997 0.090281 0.1138499 0.08435195 0.08627295 0.1105329 0.09088397 0.05389398 0.08435696 0.05492496 0.07317197 0.068856 0.07032001 0.08151495 0.05406397 0.107716 0.04710996 0.107704 0.06903898 0.08648598 0.02624797 0.110036 0.02611798 0.107716 0.04710996 0.08435195 0.08627295 0.068856 0.07032001 0.107704 0.06903898 0.03727596 0.066446 0.05492496 0.07317197 0.05389398 0.08435696 0.05654996 0.05741 0.08151495 0.05406397 0.068856 0.07032001 0.067568 0.03440499 0.08648598 0.02624797 0.08151495 0.05406397 0.07234495 0.10672 0.05389398 0.08435696 0.08435195 0.08627295 0.28471 0.06685799 0.283851 0.04118698 0.44322 0.04336398 0.286211 0.01738595 0.444834 0.01960796 0.44322 0.04336398 0.285377 0.09306299 0.445863 0.08847999 0.445389 0.112156 0.285377 0.09306299 0.28471 0.06685799 0.443655 0.06618601 0.44322 0.04336398 0.444834 0.01960796 0.45917 0.01493096 0.445863 0.08847999 0.443655 0.06618601 0.453313 0.06654697 0.445863 0.08847999 0.463178 0.08487498 0.460468 0.115776 0.44322 0.04336398 0.461437 0.04624795 0.453313 0.06654697 0.107716 0.04710996 0.283851 0.04118698 0.28471 0.06685799 0.110036 0.02611798 0.286211 0.01738595 0.283851 0.04118698 0.111337 0.111675 0.1105329 0.09088397 0.285377 0.09306299 0.1105329 0.09088397 0.107704 0.06903898 0.28471 0.06685799 0.427967 0.1812649 0.402593 0.177142 0.40996 0.158219 0.402593 0.177142 0.370453 0.17611 0.374553 0.153299 0.453955 0.177857 0.447307 0.1590099 0.481584 0.156718 0.427967 0.1812649 0.428418 0.168685 0.447307 0.1590099 0.40996 0.158219 0.429388 0.130515 0.447307 0.1590099 0.480017 0.414388 0.443083 0.43056 0.445899 0.392753 0.421859 0.440803 0.422137 0.427818 0.443083 0.43056 0.401677 0.429253 0.400488 0.392332 0.423002 0.397077 0.365899 0.41139 0.377289 0.387131 0.400488 0.392332 0.443083 0.43056 0.422137 0.427818 0.423002 0.397077 0.444693 0.461173 0.419786 0.496165 0.398365 0.459646 0.421859 0.440803 0.398365 0.459646 0.401677 0.429253 0.363097 0.432302 0.365899 0.41139 0.401677 0.429253 0.481567 0.435298 0.444693 0.461173 0.443083 0.43056 0.377289 0.387131 0.376042 0.204117 0.394882 0.205597 0.469675 0.389783 0.445899 0.392753 0.446131 0.20765 0.445899 0.392753 0.423002 0.397077 0.4271 0.204006 0.394882 0.205597 0.376042 0.204117 0.370453 0.17611 0.446131 0.20765 0.4271 0.204006 0.427967 0.1812649 0.473832 0.204662 0.446131 0.20765 0.453955 0.177857 0.4271 0.204006 0.394882 0.205597 0.402593 0.177142 0.620669 0.09304499 0.592709 0.09135198 0.597799 0.07045 0.552203 0.07358497 0.573778 0.05042099 0.597799 0.07045 0.68533 0.08329999 0.646351 0.090532 0.64236 0.06999295 0.620669 0.09304499 0.620941 0.08209097 0.64236 0.06999295 0.597799 0.07045 0.619709 0.04904597 0.64236 0.06999295 0.689732 0.43315 0.646737 0.41872 0.658218 0.384284 0.638921 0.445618 0.613629 0.421154 0.614475 0.405303 0.57892 0.413193 0.57126 0.381355 0.610107 0.375892 0.57892 0.413193 0.533879 0.430739 0.539838 0.387152 0.646737 0.41872 0.614475 0.405303 0.610107 0.375892 0.638921 0.445618 0.61249 0.476431 0.586107 0.44332 0.613629 0.421154 0.586107 0.44332 0.57892 0.413193 0.586107 0.44332 0.543323 0.450815 0.533879 0.430739 0.679967 0.453118 0.638921 0.445618 0.646737 0.41872 0.610107 0.375892 0.57126 0.381355 0.582539 0.137307 0.57126 0.381355 0.539838 0.387152 0.553988 0.136623 0.658218 0.384284 0.653371 0.136018 0.685939 0.13512 0.610107 0.375892 0.616234 0.133701 0.653371 0.136018 0.553988 0.136623 0.552203 0.07358497 0.592709 0.09135198 0.616234 0.133701 0.620669 0.09304499 0.646351 0.090532 0.653371 0.136018 0.646351 0.090532 0.68533 0.08329999 0.616234 0.133701 0.582539 0.137307 0.592709 0.09135198 0.562329 0.900177 0.541701 0.897107 0.542313 0.931761 0.634726 0.932539 0.63847 0.897278 0.619204 0.900181 0.616055 0.929363 0.619204 0.900181 0.59219 0.902356 0.562329 0.900177 0.5642 0.836141 0.547662 0.849058 0.591086 0.858364 0.5642 0.836141 0.562329 0.900177 0.626456 0.97295 0.630988 0.955236 0.613392 0.96058 0.59606 0.958437 0.59259 0.929331 0.563976 0.935025 0.616055 0.929363 0.59259 0.929331 0.59606 0.958437 0.563976 0.935025 0.550217 0.952759 0.547691 0.965468 0.59259 0.929331 0.59219 0.902356 0.562329 0.900177 0.616055 0.929363 0.613392 0.96058 0.630988 0.955236 0.504839 0.949289 0.500558 0.95044 0.523882 0.957551 0.650539 0.955546 0.64731 0.948735 0.630988 0.955236 0.542313 0.931761 0.54068 0.939132 0.550217 0.952759 0.634726 0.932539 0.630988 0.955236 0.64731 0.948735 0.504839 0.949289 0.505035 0.946193 0.500302 0.946444 0.505035 0.946193 0.504839 0.949289 0.523725 0.95242 0.64235 0.935971 0.64731 0.948735 0.664063 0.934403 0.669604 0.937712 0.689211 0.914537 0.685845 0.912449 0.550217 0.952759 0.523725 0.95242 0.523882 0.957551 0.525676 0.946577 0.523725 0.95242 0.550217 0.952759 0.679934 0.913437 0.661292 0.929093 0.664063 0.934403 0.650539 0.955546 0.669604 0.937712 0.664063 0.934403 0.82782 0.194584 0.795206 0.168119 0.809958 0.161198 0.86425 0.08804899 0.872231 0.08465498 0.875575 0.163205 0.85996 0.156744 0.875575 0.163205 0.850181 0.196066 0.850181 0.196066 0.82782 0.194584 0.830757 0.176658 0.795206 0.168119 0.784791 0.07823497 0.800097 0.08240097 0.872231 0.08465498 0.929314 0.07760697 0.903115 0.164619 0.807632 0.05528396 0.798806 0.02730095 0.863878 0.04971897 0.839074 0.136541 0.842597 0.150887 0.826847 0.150624 0.875575 0.163205 0.903115 0.164619 0.890082 0.195239 0.842597 0.150887 0.840602 0.166938 0.832313 0.168166 0.832313 0.168166 0.830757 0.176658 0.809958 0.161198 0.828182 0.134059 0.814349 0.08641999 0.854146 0.08904898 0.84303 0.174938 0.830757 0.176658 0.832313 0.168166 0.85996 0.156744 0.84303 0.174938 0.840602 0.166938 0.814349 0.08641999 0.807632 0.05528396 0.852986 0.06392598 0.784791 0.07823497 0.798806 0.02730095 0.807632 0.05528396 0.852986 0.06392598 0.863878 0.04971897 0.872231 0.08465498 0.873123 0.05660396 0.925162 0.03017997 0.929314 0.07760697 0.03727596 0.066446 0.03679698 0.05945396 0.05654996 0.05741 0.367933 0.642406 0.341905 0.641751 0.343647 0.628178 0.343647 0.628178 0.329608 0.605567 0.349784 0.591517 0.231892 0.626625 0.201829 0.619691 0.232206 0.590967 0.231892 0.626625 0.229857 0.644871 0.204236 0.636342 0.248614 0.607115 0.271214 0.599336 0.259608 0.640642 0.201829 0.573199 0.221383 0.4791 0.250869 0.52862 0.330698 0.582142 0.301471 0.540303 0.338022 0.523355 0.307095 0.594351 0.301471 0.540303 0.330698 0.582142 0.379848 0.575668 0.372624 0.589698 0.338022 0.523355 0.329608 0.605567 0.343647 0.628178 0.313538 0.639042 0.229857 0.644871 0.259651 0.697437 0.234298 0.721652 0.250489 0.584911 0.210054 0.586837 0.250869 0.52862 0.03430199 0.06916797 0.02908796 0.06045097 0.03679698 0.05945396 0.04972797 0.118444 0.03428995 0.113284 0.05389398 0.08435696 0.03888797 0.03188496 0.067568 0.03440499 0.05654996 0.05741 0.461584 0.564917 0.461425 0.504107 0.496782 0.523272 0.461425 0.504107 0.461584 0.564917 0.440675 0.5378 0.660075 0.5378 0.639166 0.564917 0.639325 0.504108 0.603968 0.523272 0.639325 0.504108 0.639166 0.564917 0.579868 0.552904 0.581207 0.489679 0.603968 0.523272 0.107578 0.2265 0.07194495 0.233498 0.08687096 0.204784 0.496782 0.523272 0.519544 0.489679 0.520882 0.552904 0.1432099 0.233499 0.148387 0.278516 0.107577 0.280226 0.148387 0.278516 0.201843 0.273231 0.20104 0.376135 0.812497 0.685155 0.832923 0.647789 0.858255 0.733306 0.898571 0.692449 0.858255 0.733306 0.832923 0.647789 0.938887 0.733307 0.964222 0.647792 0.984646 0.685158 0.898571 0.692449 0.898572 0.640097 0.964222 0.647792 0.130544 0.560595 0.132674 0.607951 0.107577 0.603897 0.623733 0.774636 0.625161 0.806295 0.609182 0.798403 0.08460897 0.560595 0.107577 0.55892 0.107577 0.603897 0.574864 0.798404 0.558885 0.806297 0.560311 0.774637 0.175684 0.615894 0.175909 0.659707 0.137888 0.654168 0.03946995 0.615894 0.08247995 0.607952 0.07726496 0.654168 0.107577 0.709536 0.107577 0.650244 0.137888 0.654168 0.107577 0.709536 0.081218 0.717055 0.07726496 0.654168 0.63683 0.849694 0.61998 0.836155 0.619204 0.900181 0.619204 0.900181 0.61998 0.836155 0.591086 0.858364 0.560311 0.774637 0.553849 0.725207 0.592021 0.727268 0.281875 0.189423 0.258212 0.172899 0.25524 0.199016 0.258212 0.172899 0.212819 0.174876 0.2098259 0.197043 0.353882 0.196465 0.350399 0.174352 0.305127 0.172758 0.308317 0.198899 0.305127 0.172758 0.281875 0.189423 0.305127 0.172758 0.281707 0.1378329 0.258212 0.172899 0.333079 0.429821 0.324903 0.415023 0.304198 0.417543 0.302537 0.444193 0.282846 0.443597 0.28293 0.453147 0.282848 0.417299 0.261493 0.41783 0.263556 0.444332 0.261493 0.41783 0.24073 0.415439 0.233388 0.430619 0.302537 0.444193 0.304198 0.417543 0.282848 0.417299 0.303024 0.470686 0.28293 0.453147 0.263318 0.47065 0.28293 0.453147 0.282846 0.443597 0.263556 0.444332 0.263556 0.444332 0.233388 0.430619 0.229737 0.444487 0.336916 0.443656 0.333079 0.429821 0.302537 0.444193 0.282848 0.417299 0.281893 0.233434 0.257361 0.233201 0.257361 0.233201 0.2352859 0.23813 0.24073 0.415439 0.324903 0.415023 0.32862 0.237648 0.306499 0.232971 0.306499 0.232971 0.281893 0.233434 0.282848 0.417299 0.25524 0.199016 0.2098259 0.197043 0.2352859 0.23813 0.308317 0.198899 0.281815 0.201368 0.281893 0.233434 0.32862 0.237648 0.353882 0.196465 0.308317 0.198899 0.281893 0.233434 0.281815 0.201368 0.25524 0.199016 0.453313 0.06654697 0.467843 0.06788396 0.475241 0.05066299 0.475241 0.05066299 0.485543 0.01988899 0.45917 0.01493096 0.484231 0.107878 0.477155 0.08047997 0.463178 0.08487498 0.463178 0.08487498 0.477155 0.08047997 0.467843 0.06788396 0.477155 0.08047997 0.494001 0.06710696 0.475241 0.05066299 0.090281 0.1138499 0.111337 0.111675 0.1105329 0.09088397 0.05389398 0.08435696 0.08435195 0.08627295 0.068856 0.07032001 0.107704 0.06903898 0.107716 0.04710996 0.08151495 0.05406397 0.107716 0.04710996 0.110036 0.02611798 0.08648598 0.02624797 0.08435195 0.08627295 0.1105329 0.09088397 0.107704 0.06903898 0.05389398 0.08435696 0.05492496 0.07317197 0.03727596 0.066446 0.068856 0.07032001 0.08151495 0.05406397 0.05654996 0.05741 0.08151495 0.05406397 0.08648598 0.02624797 0.067568 0.03440499 0.07234495 0.10672 0.090281 0.1138499 0.08435195 0.08627295 0.28471 0.06685799 0.443655 0.06618601 0.44322 0.04336398 0.44322 0.04336398 0.444834 0.01960796 0.286211 0.01738595 0.445389 0.112156 0.445863 0.08847999 0.285377 0.09306299 0.285377 0.09306299 0.445863 0.08847999 0.443655 0.06618601 0.44322 0.04336398 0.461437 0.04624795 0.45917 0.01493096 0.445863 0.08847999 0.463178 0.08487498 0.453313 0.06654697 0.460468 0.115776 0.463178 0.08487498 0.445863 0.08847999 0.453313 0.06654697 0.461437 0.04624795 0.44322 0.04336398 0.28471 0.06685799 0.283851 0.04118698 0.107716 0.04710996 0.283851 0.04118698 0.286211 0.01738595 0.110036 0.02611798 0.111337 0.111675 0.287085 0.117358 0.285377 0.09306299 0.1105329 0.09088397 0.285377 0.09306299 0.28471 0.06685799 0.427967 0.1812649 0.428418 0.168685 0.40996 0.158219 0.402593 0.177142 0.40996 0.158219 0.374553 0.153299 0.481584 0.156718 0.447307 0.1590099 0.453955 0.177857 0.447307 0.1590099 0.428418 0.168685 0.427967 0.1812649 0.447307 0.1590099 0.429388 0.130515 0.40996 0.158219 0.480017 0.414388 0.469675 0.389783 0.445899 0.392753 0.443083 0.43056 0.422137 0.427818 0.421859 0.440803 0.423002 0.397077 0.400488 0.392332 0.401677 0.429253 0.400488 0.392332 0.377289 0.387131 0.365899 0.41139 0.443083 0.43056 0.445899 0.392753 0.423002 0.397077 0.444693 0.461173 0.421859 0.440803 0.398365 0.459646 0.421859 0.440803 0.422137 0.427818 0.401677 0.429253 0.401677 0.429253 0.365899 0.41139 0.363097 0.432302 0.481567 0.435298 0.480017 0.414388 0.443083 0.43056 0.394882 0.205597 0.376042 0.204117 0.377289 0.387131 0.469675 0.389783 0.473832 0.204662 0.446131 0.20765 0.445899 0.392753 0.446131 0.20765 0.4271 0.204006 0.394882 0.205597 0.402593 0.177142 0.370453 0.17611 0.446131 0.20765 0.453955 0.177857 0.427967 0.1812649 0.473832 0.204662 0.484344 0.178809 0.453955 0.177857 0.4271 0.204006 0.427967 0.1812649 0.402593 0.177142 0.620669 0.09304499 0.620941 0.08209097 0.597799 0.07045 0.597799 0.07045 0.573778 0.05042099 0.552203 0.07358497 0.68533 0.08329999 0.668398 0.05864 0.64236 0.06999295 0.64236 0.06999295 0.620941 0.08209097 0.620669 0.09304499 0.64236 0.06999295 0.619709 0.04904597 0.597799 0.07045 0.689732 0.43315 0.700702 0.392408 0.658218 0.384284 0.638921 0.445618 0.646737 0.41872 0.614475 0.405303 0.610107 0.375892 0.57126 0.381355 0.57892 0.413193 0.57892 0.413193 0.57126 0.381355 0.539838 0.387152 0.646737 0.41872 0.658218 0.384284 0.610107 0.375892 0.638921 0.445618 0.613629 0.421154 0.586107 0.44332 0.613629 0.421154 0.614475 0.405303 0.57892 0.413193 0.586107 0.44332 0.57892 0.413193 0.533879 0.430739 0.679967 0.453118 0.689732 0.43315 0.646737 0.41872 0.610107 0.375892 0.616234 0.133701 0.582539 0.137307 0.57126 0.381355 0.582539 0.137307 0.553988 0.136623 0.685939 0.13512 0.653371 0.136018 0.658218 0.384284 0.653371 0.136018 0.616234 0.133701 0.610107 0.375892 0.592709 0.09135198 0.552203 0.07358497 0.553988 0.136623 0.646351 0.090532 0.620669 0.09304499 0.616234 0.133701 0.68533 0.08329999 0.646351 0.090532 0.653371 0.136018 0.616234 0.133701 0.620669 0.09304499 0.592709 0.09135198 0.542313 0.931761 0.541701 0.897107 0.562329 0.900177 0.634726 0.932539 0.616055 0.929363 0.619204 0.900181 0.616055 0.929363 0.59259 0.929331 0.59219 0.902356 0.562329 0.900177 0.541701 0.897107 0.547662 0.849058 0.562329 0.900177 0.5642 0.836141 0.591086 0.858364 0.613392 0.96058 0.630988 0.955236 0.626456 0.97295 0.59606 0.958437 0.580785 0.966993 0.563976 0.935025 0.59606 0.958437 0.59259 0.929331 0.616055 0.929363 0.563976 0.935025 0.580785 0.966993 0.547691 0.965468 0.59259 0.929331 0.563976 0.935025 0.562329 0.900177 0.630988 0.955236 0.613392 0.96058 0.616055 0.929363 0.523882 0.957551 0.500558 0.95044 0.504839 0.949289 0.630988 0.955236 0.64731 0.948735 0.650539 0.955546 0.542313 0.931761 0.563976 0.935025 0.550217 0.952759 0.64731 0.948735 0.630988 0.955236 0.634726 0.932539 0.500302 0.946444 0.505035 0.946193 0.504839 0.949289 0.523725 0.95242 0.504839 0.949289 0.505035 0.946193 0.664063 0.934403 0.64731 0.948735 0.64235 0.935971 0.669604 0.937712 0.664063 0.934403 0.685845 0.912449 0.550217 0.952759 0.547691 0.965468 0.523882 0.957551 0.550217 0.952759 0.523725 0.95242 0.525676 0.946577 0.679934 0.913437 0.685845 0.912449 0.664063 0.934403 0.650539 0.955546 0.64731 0.948735 0.664063 0.934403 0.809958 0.161198 0.795206 0.168119 0.82782 0.194584 0.86425 0.08804899 0.85996 0.156744 0.875575 0.163205 0.85996 0.156744 0.84303 0.174938 0.850181 0.196066 0.830757 0.176658 0.82782 0.194584 0.850181 0.196066 0.800097 0.08240097 0.784791 0.07823497 0.795206 0.168119 0.903115 0.164619 0.929314 0.07760697 0.872231 0.08465498 0.807632 0.05528396 0.852986 0.06392598 0.863878 0.04971897 0.839074 0.136541 0.828182 0.134059 0.826847 0.150624 0.890082 0.195239 0.903115 0.164619 0.875575 0.163205 0.842597 0.150887 0.826847 0.150624 0.832313 0.168166 0.832313 0.168166 0.826847 0.150624 0.809958 0.161198 0.828182 0.134059 0.839074 0.136541 0.854146 0.08904898 0.832313 0.168166 0.830757 0.176658 0.84303 0.174938 0.840602 0.166938 0.84303 0.174938 0.85996 0.156744 0.814349 0.08641999 0.854146 0.08904898 0.852986 0.06392598 0.807632 0.05528396 0.798806 0.02730095 0.784791 0.07823497 0.852986 0.06392598 0.86425 0.08804899 0.872231 0.08465498 0.929314 0.07760697 0.925162 0.03017997 0.873123 0.05660396 0.03727596 0.066446 0.05492496 0.07317197 0.05654996 0.05741 0.03430199 0.06916797 0.03727596 0.066446 0.03679698 0.05945396 0.04972797 0.118444 0.07234495 0.10672 0.05389398 0.08435696 0.05654996 0.05741 0.067568 0.03440499 0.03888797 0.03188496 0.619204 0.900181 0.61998 0.836155 0.63683 0.849694 0.619204 0.900181 0.59219 0.902356 0.591086 0.858364</float_array>
          <technique_common>
            <accessor source="#TheSkeletonSpelos-mesh-map-0-array" count="2934" stride="2">
              <param name="S" type="float"/>
              <param name="T" type="float"/>
            </accessor>
          </technique_common>
        </source>
        <vertices id="TheSkeletonSpelos-mesh-vertices">
          <input semantic="POSITION" source="#TheSkeletonSpelos-mesh-positions"/>
        </vertices>
        <triangles material="SkeletonMaterial-material" count="978">
          <input semantic="VERTEX" source="#TheSkeletonSpelos-mesh-vertices" offset="0"/>
          <input semantic="NORMAL" source="#TheSkeletonSpelos-mesh-normals" offset="1"/>
          <input semantic="TEXCOORD" source="#TheSkeletonSpelos-mesh-map-0" offset="2" set="0"/>
          <p>0 0 0 37 1 1 25 2 2 34 3 3 2 4 4 27 5 5 27 5 6 16 6 7 51 7 8 18 8 9 3 9 10 17 10 11 29 11 12 1 12 13 9 13 14 4 14 15 34 3 16 35 15 17 3 9 18 35 15 19 26 16 20 5 17 21 18 8 22 19 18 23 2 4 24 19 18 25 16 6 26 0 0 27 30 19 28 11 20 29 30 19 30 10 21 31 11 20 32 14 22 33 1 12 34 12 23 35 15 24 36 9 13 37 14 22 38 28 25 39 17 10 40 50 26 41 28 25 42 9 13 43 8 27 44 7 28 45 14 22 46 6 29 47 11 20 48 13 30 49 0 0 50 10 21 51 6 29 52 11 20 53 51 7 54 10 21 55 31 31 56 18 8 57 8 27 58 15 24 59 19 18 60 15 24 61 7 28 62 16 6 63 7 28 64 10 21 65 50 26 66 3 9 67 26 16 68 37 1 69 20 32 70 25 2 71 34 3 72 22 33 73 33 34 74 27 5 75 48 35 76 22 33 77 52 36 78 23 37 79 32 38 80 29 11 81 21 39 82 24 40 83 32 38 84 34 3 85 33 34 86 23 37 87 35 15 88 32 38 89 33 34 90 52 36 91 32 38 92 24 40 93 54 41 94 1 12 95 22 33 96 53 42 97 33 34 98 30 19 99 20 32 100 43 43 101 30 19 102 42 44 103 31 31 104 46 45 105 21 39 106 41 46 107 47 47 108 41 46 109 40 48 110 28 25 111 49 49 112 40 48 113 28 25 114 41 46 115 29 11 116 46 45 117 38 50 118 44 51 119 39 52 120 46 45 121 47 47 122 43 43 123 45 53 124 38 50 125 42 44 126 38 50 127 39 52 128 51 7 129 42 44 130 48 35 131 52 36 132 40 48 133 49 49 134 53 42 135 47 47 136 52 36 137 48 35 138 39 52 139 53 42 140 50 26 141 23 37 142 49 49 143 54 41 144 12 23 145 1 12 146 24 40 147 21 39 148 55 54 149 55 54 150 44 51 151 36 55 152 6 29 153 14 22 154 12 23 155 36 55 156 38 50 157 56 56 158 45 53 159 56 56 160 38 50 161 36 55 162 6 29 163 12 23 164 56 56 165 13 30 166 6 29 167 62 57 168 61 58 169 60 59 170 70 60 171 64 61 172 62 57 173 59 62 174 62 57 175 60 59 176 63 63 177 70 60 178 62 57 179 73 64 180 64 61 181 75 65 182 59 62 183 66 66 184 65 67 185 63 63 186 61 58 187 64 61 188 60 59 189 61 58 190 66 66 191 69 68 192 71 69 193 68 70 194 74 71 195 70 60 196 71 69 197 71 69 198 67 72 199 68 70 200 70 60 201 72 73 202 71 69 203 74 71 204 73 64 205 75 65 206 77 74 207 67 72 208 76 75 209 69 68 210 72 73 211 74 71 212 77 74 213 69 68 214 68 70 215 119 76 216 79 77 217 111 78 218 105 79 219 80 80 220 88 81 221 101 82 222 113 83 223 121 84 224 109 85 225 78 86 226 92 87 227 88 81 228 113 83 229 115 88 230 86 89 231 110 90 232 117 91 233 103 92 234 79 77 235 95 93 236 107 94 237 81 95 238 101 82 239 111 78 240 89 96 241 114 97 242 123 98 243 115 88 244 126 99 245 112 100 246 87 101 247 116 102 248 108 103 249 125 104 250 187 105 251 83 106 252 118 107 253 110 90 254 94 108 255 119 76 256 118 107 257 84 109 258 104 110 259 87 101 260 104 110 261 99 111 262 105 79 263 85 112 264 120 113 265 112 100 266 120 113 267 101 82 268 121 84 269 82 114 270 108 103 271 91 115 272 108 103 273 96 116 274 109 85 275 83 106 276 102 117 277 94 108 278 102 117 279 95 93 280 94 108 281 87 101 282 125 104 283 122 118 284 85 112 285 106 119 286 100 120 287 106 119 288 101 82 289 100 120 290 125 104 291 106 119 292 187 105 293 96 116 294 111 78 295 78 86 296 121 84 297 80 80 298 99 111 299 115 88 300 81 95 301 93 121 302 117 91 303 82 114 304 91 115 305 78 86 306 114 97 307 92 87 308 126 99 309 93 121 310 124 122 311 85 112 312 116 102 313 90 123 314 188 124 315 91 115 316 108 103 317 82 114 318 118 107 319 97 125 320 118 107 321 96 116 322 97 125 323 84 109 324 120 113 325 98 126 326 98 126 327 121 84 328 99 111 329 114 97 330 123 98 331 126 99 332 191 127 333 188 124 334 108 103 335 86 89 336 125 104 337 102 117 338 194 128 339 90 123 340 116 102 341 92 87 342 126 99 343 124 122 344 191 127 345 187 105 346 190 129 347 157 130 348 128 131 349 141 132 350 158 133 351 130 134 352 139 135 353 156 136 354 164 137 355 166 138 356 152 139 357 136 140 358 128 131 359 164 137 360 180 141 361 166 138 362 157 130 363 127 142 364 156 136 365 140 143 366 143 144 367 133 145 368 168 146 369 356 147 370 165 148 371 158 133 372 129 149 373 151 150 374 178 151 375 162 152 376 175 153 377 357 154 378 142 155 379 349 156 380 142 155 381 149 157 382 153 158 383 154 159 384 151 150 385 143 144 386 355 160 387 140 143 388 161 161 389 131 162 390 167 163 391 165 148 392 133 145 393 155 164 394 135 165 395 153 158 396 152 139 397 157 130 398 153 158 399 156 136 400 150 166 401 150 166 402 166 138 403 167 163 404 154 159 405 146 167 406 158 133 407 146 167 408 159 168 409 130 134 410 151 150 411 136 140 412 145 169 413 350 170 414 154 159 415 353 171 416 134 172 417 162 152 418 144 173 419 136 140 420 129 149 421 362 174 422 144 173 423 163 175 424 146 167 425 143 144 426 145 169 427 155 164 428 132 176 429 155 164 430 149 157 431 149 157 432 145 169 433 152 139 434 135 165 435 168 146 436 147 177 437 167 163 438 180 141 439 176 178 440 159 168 441 163 175 442 178 151 443 137 179 444 174 180 445 363 181 446 58 182 447 173 183 448 170 184 449 58 182 450 171 185 451 172 186 452 175 153 453 160 187 454 137 179 455 364 188 456 174 180 457 173 183 458 176 178 459 165 148 460 167 163 461 185 189 462 159 168 463 138 190 464 181 191 465 175 153 466 177 192 467 176 178 468 181 191 469 177 192 470 185 189 471 164 137 472 184 193 473 138 190 474 180 141 475 164 137 476 179 194 477 148 195 478 164 137 479 179 194 480 159 168 481 148 195 482 184 193 483 148 195 484 183 196 485 188 124 486 90 123 487 186 197 488 116 102 489 183 196 490 182 198 491 189 199 492 187 105 493 106 119 494 138 190 495 178 151 496 181 191 497 189 199 498 188 124 499 192 200 500 193 201 501 190 129 502 189 199 503 193 201 504 191 127 505 190 129 506 193 201 507 192 200 508 191 127 509 193 201 510 189 199 511 192 200 512 117 91 513 183 196 514 122 118 515 122 118 516 86 89 517 117 91 518 117 91 519 185 189 520 184 193 521 218 202 522 195 203 523 215 204 524 217 205 525 196 206 526 218 202 527 217 205 528 198 207 529 197 208 530 216 209 531 195 203 532 198 207 533 196 206 534 198 207 535 195 203 536 205 210 537 202 211 538 201 212 539 207 213 540 206 214 541 210 215 542 204 216 543 199 217 544 203 218 545 205 210 546 200 219 547 204 216 548 206 214 549 199 217 550 202 211 551 210 215 552 208 220 553 207 213 554 207 213 555 204 216 556 203 218 557 209 221 558 204 216 559 208 220 560 209 221 561 206 214 562 205 210 563 199 217 564 211 222 565 212 223 566 201 212 567 211 222 568 200 219 569 201 212 570 214 224 571 213 225 572 199 217 573 214 224 574 202 211 575 213 225 576 218 202 577 211 222 578 212 223 579 216 209 580 214 224 581 213 225 582 216 209 583 217 205 584 212 223 585 218 202 586 215 204 587 239 226 588 220 227 589 219 228 590 241 229 591 220 227 592 242 230 593 240 231 594 221 232 595 241 229 596 240 231 597 219 228 598 222 233 599 220 227 600 222 233 601 219 228 602 229 234 603 226 235 604 225 236 605 234 237 606 227 238 607 230 239 608 228 240 609 223 241 610 227 238 611 229 234 612 224 242 613 228 240 614 230 239 615 223 241 616 226 235 617 358 243 618 234 237 619 361 244 620 232 245 621 227 238 622 231 246 623 233 247 624 228 240 625 232 245 626 233 247 627 230 239 628 229 234 629 243 248 630 235 249 631 236 250 632 245 251 633 235 249 634 244 252 635 246 253 636 237 254 637 245 251 638 246 253 639 236 250 640 238 255 641 235 249 642 241 229 643 242 230 644 238 255 645 239 226 646 240 231 647 238 255 648 241 229 649 237 254 650 235 249 651 239 226 652 236 250 653 224 242 654 243 248 655 223 241 656 225 236 657 244 252 658 224 242 659 225 236 660 246 253 661 245 251 662 226 235 663 243 248 664 246 253 665 267 256 666 248 257 667 247 258 668 270 259 669 249 260 670 248 257 671 268 261 672 249 260 673 269 262 674 267 256 675 250 263 676 268 261 677 248 257 678 250 263 679 247 258 680 257 264 681 254 265 682 253 266 683 259 267 684 258 268 685 262 269 686 256 270 687 251 271 688 255 272 689 257 264 690 252 273 691 256 270 692 258 268 693 251 271 694 254 265 695 262 269 696 260 274 697 259 267 698 259 267 699 256 270 700 255 272 701 261 275 702 256 270 703 260 274 704 261 275 705 258 268 706 257 264 707 251 271 708 252 273 709 264 276 710 253 266 711 263 277 712 252 273 713 253 266 714 266 278 715 265 279 716 254 265 717 264 276 718 266 278 719 263 277 720 269 262 721 270 259 722 266 278 723 267 256 724 268 261 725 265 279 726 268 261 727 269 262 728 264 276 729 270 259 730 267 256 731 291 280 732 272 281 733 271 282 734 293 283 735 272 281 736 294 284 737 293 283 738 274 285 739 273 286 740 291 280 741 274 285 742 292 287 743 272 281 744 274 285 745 271 282 746 281 288 747 278 289 748 277 290 749 286 291 750 279 292 751 282 293 752 280 294 753 275 295 754 279 292 755 280 294 756 277 290 757 276 296 758 282 293 759 275 295 760 278 289 761 286 291 762 284 297 763 283 298 764 283 298 765 280 294 766 279 292 767 284 297 768 281 288 769 280 294 770 285 299 771 282 293 772 281 288 773 275 295 774 287 300 775 288 301 776 276 296 777 289 302 778 287 300 779 278 289 780 289 302 781 277 290 782 275 295 783 290 303 784 278 289 785 289 302 786 294 284 787 287 300 788 288 301 789 292 287 790 290 303 791 290 303 792 293 283 793 289 302 794 288 301 795 294 284 796 291 280 797 306 304 798 305 305 799 304 306 800 305 305 801 308 307 802 303 308 803 303 308 804 307 309 805 302 310 806 306 304 807 296 311 808 309 312 809 297 313 810 306 304 811 307 309 812 298 314 813 300 315 814 301 316 815 301 316 816 304 306 817 298 314 818 303 308 819 301 316 820 300 315 821 304 306 822 310 317 823 298 314 824 302 310 825 306 304 826 304 306 827 303 308 828 299 318 829 305 305 830 316 319 831 318 320 832 319 321 833 310 317 834 299 318 835 298 314 836 305 305 837 312 322 838 304 306 839 305 305 840 311 323 841 313 324 842 316 319 843 315 325 844 314 326 845 317 327 846 319 321 847 320 328 848 313 324 849 321 329 850 320 328 851 318 320 852 315 325 853 321 329 854 312 322 855 318 320 856 310 317 857 320 328 858 312 322 859 313 324 860 317 327 861 321 329 862 315 325 863 310 317 864 321 329 865 311 323 866 333 330 867 327 331 868 338 332 869 340 333 870 336 334 871 326 335 872 326 335 873 332 336 874 335 337 875 332 336 876 338 332 877 335 337 878 337 338 879 345 339 880 327 331 881 322 340 882 341 341 883 331 342 884 322 340 885 327 331 886 341 341 887 327 331 888 345 339 889 341 341 890 343 343 891 337 338 892 336 334 893 339 344 894 325 345 895 334 346 896 328 347 897 322 340 898 331 342 899 336 334 900 333 330 901 332 336 902 323 348 903 329 349 904 322 340 905 329 349 906 327 331 907 322 340 908 328 347 909 344 350 910 323 348 911 344 350 912 326 335 913 323 348 914 344 350 915 340 333 916 326 335 917 331 342 918 344 350 919 328 347 920 335 337 921 329 349 922 330 351 923 326 335 924 330 351 925 323 348 926 341 341 927 334 346 928 344 350 929 342 352 930 339 344 931 345 339 932 334 346 933 343 343 934 340 333 935 341 341 936 345 339 937 339 344 938 344 350 939 334 346 940 340 333 941 325 345 942 342 352 943 343 343 944 358 243 945 232 245 946 231 246 947 356 147 948 349 156 949 346 353 950 349 156 951 351 354 952 346 353 953 348 355 954 350 170 955 353 171 956 348 355 957 354 356 958 347 357 959 353 171 960 140 143 961 348 355 962 354 356 963 134 172 964 347 357 965 351 354 966 131 162 967 346 353 968 153 158 969 351 354 970 352 358 971 356 147 972 131 162 973 165 148 974 352 358 975 142 155 976 153 158 977 355 160 978 160 187 979 354 356 980 350 170 981 134 172 982 144 173 983 361 244 984 359 359 985 358 243 986 360 360 987 234 237 988 233 247 989 360 360 990 232 245 991 359 359 992 88 81 993 107 94 994 105 79 995 93 121 996 123 98 997 124 122 998 123 98 999 92 87 1000 124 122 1001 109 85 1002 89 96 1003 103 92 1004 102 117 1005 109 85 1006 103 92 1007 116 102 1008 87 101 1009 122 118 1010 194 128 1011 91 115 1012 186 197 1013 107 94 1014 104 110 1015 105 79 1016 116 102 1017 185 189 1018 194 128 1019 182 198 1020 148 195 1021 159 168 1022 128 131 1023 136 140 1024 362 174 1025 168 146 1026 132 176 1027 142 155 1028 130 134 1029 129 149 1030 139 135 1031 362 174 1032 159 168 1033 179 194 1034 128 131 1035 127 142 1036 141 132 1037 362 174 1038 164 137 1039 128 131 1040 175 153 1041 363 181 1042 177 192 1043 168 146 1044 364 188 1045 147 177 1046 176 178 1047 363 181 1048 364 188 1049 137 179 1050 161 161 1051 147 177 1052 147 177 1053 171 185 1054 137 179 1055 147 177 1056 173 183 1057 172 186 1058 57 361 1059 171 185 1060 169 362 1061 57 361 1062 173 183 1063 174 180 1064 296 311 1065 308 307 1066 309 312 1067 308 307 1068 297 313 1069 307 309 1070 161 161 1071 135 165 1072 147 177 1073 140 143 1074 133 145 1075 161 161 1076 252 273 1077 263 277 1078 264 276 1079 365 363 1080 388 364 1081 385 365 1082 366 366 1083 387 367 1084 388 364 1085 387 367 1086 368 368 1087 386 369 1088 386 369 1089 365 363 1090 385 365 1091 368 368 1092 366 366 1093 365 363 1094 375 370 1095 372 371 1096 376 372 1097 376 372 1098 377 373 1099 380 374 1100 369 375 1101 374 376 1102 373 377 1103 370 378 1104 375 370 1105 374 376 1106 376 372 1107 369 375 1108 373 377 1109 380 374 1110 378 379 1111 379 380 1112 377 373 1113 374 376 1114 378 379 1115 374 376 1116 379 380 1117 378 379 1118 379 380 1119 376 372 1120 380 374 1121 369 375 1122 381 381 1123 370 378 1124 381 381 1125 371 382 1126 370 378 1127 371 382 1128 384 383 1129 372 371 1130 384 383 1131 369 375 1132 372 371 1133 388 364 1134 383 384 1135 381 381 1136 386 369 1137 382 385 1138 384 383 1139 383 384 1140 386 369 1141 384 383 1142 382 385 1143 388 364 1144 381 381 1145 409 386 1146 390 387 1147 412 388 1148 390 387 1149 411 389 1150 412 388 1151 391 390 1152 410 391 1153 411 389 1154 410 391 1155 389 392 1156 409 386 1157 392 393 1158 390 387 1159 389 392 1160 399 394 1161 396 395 1162 400 396 1163 404 397 1164 397 398 1165 401 399 1166 393 400 1167 398 401 1168 397 398 1169 394 402 1170 399 394 1171 398 401 1172 400 396 1173 393 400 1174 397 398 1175 404 397 1176 516 403 1177 519 404 1178 397 398 1179 402 405 1180 401 399 1181 398 401 1182 403 406 1183 402 405 1184 403 406 1185 400 396 1186 404 397 1187 413 407 1188 405 408 1189 414 409 1190 405 408 1191 415 410 1192 414 409 1193 407 411 1194 416 412 1195 415 410 1196 416 412 1197 406 413 1198 413 407 1199 405 408 1200 411 389 1201 407 411 1202 408 414 1203 409 386 1204 406 413 1205 411 389 1206 408 414 1207 407 411 1208 409 386 1209 405 408 1210 406 413 1211 413 407 1212 394 402 1213 393 400 1214 414 409 1215 395 415 1216 394 402 1217 395 415 1218 416 412 1219 396 395 1220 396 395 1221 413 407 1222 393 400 1223 437 416 1224 418 417 1225 440 418 1226 440 418 1227 419 419 1228 439 420 1229 419 419 1230 438 421 1231 439 420 1232 420 422 1233 437 416 1234 438 421 1235 420 422 1236 418 417 1237 417 423 1238 427 424 1239 424 425 1240 428 426 1241 428 426 1242 429 427 1243 432 428 1244 421 429 1245 426 430 1246 425 431 1247 422 432 1248 427 424 1249 426 430 1250 428 426 1251 421 429 1252 425 431 1253 432 428 1254 430 433 1255 431 434 1256 429 427 1257 426 430 1258 430 433 1259 426 430 1260 431 434 1261 430 433 1262 431 434 1263 428 426 1264 432 428 1265 421 429 1266 434 435 1267 422 432 1268 433 436 1269 423 437 1270 422 432 1271 423 437 1272 436 438 1273 424 425 1274 424 425 1275 434 435 1276 421 429 1277 433 436 1278 439 420 1279 435 439 1280 436 438 1281 437 416 1282 434 435 1283 435 439 1284 438 421 1285 436 438 1286 434 435 1287 440 418 1288 433 436 1289 461 440 1290 442 441 1291 464 442 1292 442 441 1293 463 443 1294 464 442 1295 463 443 1296 444 444 1297 462 445 1298 444 444 1299 461 440 1300 462 445 1301 444 444 1302 442 441 1303 441 446 1304 451 447 1305 448 448 1306 452 449 1307 456 450 1308 449 451 1309 453 452 1310 445 453 1311 450 454 1312 449 451 1313 450 454 1314 447 455 1315 451 447 1316 452 449 1317 445 453 1318 449 451 1319 456 450 1320 454 456 1321 455 457 1322 453 452 1323 450 454 1324 454 456 1325 454 456 1326 451 447 1327 455 457 1328 455 457 1329 452 449 1330 456 450 1331 445 453 1332 457 458 1333 446 459 1334 446 459 1335 459 460 1336 447 455 1337 459 460 1338 448 448 1339 447 455 1340 460 461 1341 445 453 1342 448 448 1343 464 442 1344 459 460 1345 457 458 1346 462 445 1347 458 462 1348 460 461 1349 463 443 1350 460 461 1351 459 460 1352 458 462 1353 464 442 1354 457 458 1355 475 463 1356 476 464 1357 474 465 1358 475 463 1359 478 466 1360 479 467 1361 473 468 1362 477 469 1363 478 466 1364 476 464 1365 466 470 1366 465 471 1367 476 464 1368 467 472 1369 477 469 1370 470 473 1371 468 474 1372 471 475 1373 471 475 1374 474 465 1375 472 476 1376 471 475 1377 473 468 1378 470 473 1379 474 465 1380 480 477 1381 482 478 1382 472 476 1383 476 464 1384 477 469 1385 469 479 1386 473 468 1387 475 463 1388 488 480 1389 486 481 1390 489 482 1391 469 479 1392 480 477 1393 468 474 1394 475 463 1395 482 478 1396 483 483 1397 481 484 1398 475 463 1399 483 483 1400 485 485 1401 486 481 1402 484 486 1403 489 482 1404 487 487 1405 490 488 1406 491 489 1407 483 483 1408 490 488 1409 488 480 1410 485 485 1411 484 486 1412 482 478 1413 488 480 1414 489 482 1415 482 478 1416 490 488 1417 483 483 1418 487 487 1419 491 489 1420 490 488 1421 480 477 1422 491 489 1423 488 480 1424 497 490 1425 503 491 1426 508 492 1427 510 493 1428 506 494 1429 513 495 1430 496 496 1431 502 497 1432 506 494 1433 508 492 1434 502 497 1435 505 498 1436 515 499 1437 507 500 1438 497 490 1439 492 501 1440 501 502 1441 511 503 1442 492 501 1443 511 503 1444 497 490 1445 511 503 1446 515 499 1447 497 490 1448 507 500 1449 513 495 1450 506 494 1451 509 504 1452 495 505 1453 494 506 1454 498 507 1455 492 501 1456 493 508 1457 503 491 1458 506 494 1459 502 497 1460 493 508 1461 499 509 1462 500 510 1463 499 509 1464 497 490 1465 508 492 1466 498 507 1467 493 508 1468 514 511 1469 493 508 1470 496 496 1471 514 511 1472 496 496 1473 510 493 1474 514 511 1475 501 502 1476 514 511 1477 511 503 1478 499 509 1479 505 498 1480 500 510 1481 500 510 1482 496 496 1483 493 508 1484 511 503 1485 504 512 1486 509 504 1487 509 504 1488 512 513 1489 515 499 1490 504 512 1491 513 495 1492 495 505 1493 511 503 1494 509 504 1495 515 499 1496 514 511 1497 510 493 1498 504 512 1499 512 513 1500 495 505 1501 513 495 1502 516 403 1503 402 405 1504 517 514 1505 519 404 1506 517 514 1507 518 515 1508 518 515 1509 404 397 1510 519 404 1511 402 405 1512 518 515 1513 517 514 1514 478 466 1515 466 470 1516 479 467 1517 478 466 1518 467 472 1519 465 471 1520 422 432 1521 434 435 1522 433 436 1523 0 0 1524 13 30 1525 37 1 1526 34 3 1527 5 17 1528 2 4 1529 27 5 1530 2 4 1531 16 6 1532 18 8 1533 4 14 1534 3 9 1535 29 11 1536 24 40 1537 1 12 1538 4 14 1539 5 17 1540 34 3 1541 3 9 1542 4 14 1543 35 15 1544 5 17 1545 4 14 1546 18 8 1547 2 4 1548 5 17 1549 19 18 1550 0 0 1551 25 2 1552 30 19 1553 30 19 1554 31 31 1555 10 21 1556 14 22 1557 9 13 1558 1 12 1559 15 24 1560 8 27 1561 9 13 1562 28 25 1563 8 27 1564 17 10 1565 28 25 1566 29 11 1567 9 13 1568 7 28 1569 15 24 1570 14 22 1571 11 20 1572 6 29 1573 13 30 1574 10 21 1575 7 28 1576 6 29 1577 51 7 1578 16 6 1579 10 21 1580 18 8 1581 17 10 1582 8 27 1583 19 18 1584 18 8 1585 15 24 1586 16 6 1587 19 18 1588 7 28 1589 50 26 1590 17 10 1591 3 9 1592 37 1 1593 45 53 1594 20 32 1595 34 3 1596 27 5 1597 22 33 1598 27 5 1599 51 7 1600 48 35 1601 52 36 1602 49 49 1603 23 37 1604 29 11 1605 41 46 1606 21 39 1607 32 38 1608 35 15 1609 34 3 1610 23 37 1611 26 16 1612 35 15 1613 33 34 1614 53 42 1615 52 36 1616 22 33 1617 48 35 1618 53 42 1619 30 19 1620 25 2 1621 20 32 1622 30 19 1623 43 43 1624 42 44 1625 46 45 1626 44 51 1627 21 39 1628 47 47 1629 46 45 1630 41 46 1631 28 25 1632 50 26 1633 49 49 1634 28 25 1635 40 48 1636 41 46 1637 39 52 1638 38 50 1639 46 45 1640 43 43 1641 20 32 1642 45 53 1643 42 44 1644 43 43 1645 38 50 1646 51 7 1647 31 31 1648 42 44 1649 52 36 1650 47 47 1651 40 48 1652 53 42 1653 39 52 1654 47 47 1655 48 35 1656 42 44 1657 39 52 1658 50 26 1659 26 16 1660 23 37 1661 54 41 1662 36 55 1663 12 23 1664 55 54 1665 21 39 1666 44 51 1667 36 55 1668 44 51 1669 38 50 1670 45 53 1671 37 1 1672 56 56 1673 36 55 1674 56 56 1675 6 29 1676 56 56 1677 37 1 1678 13 30 1679 62 57 1680 64 61 1681 61 58 1682 70 60 1683 75 65 1684 64 61 1685 59 62 1686 63 63 1687 62 57 1688 63 63 1689 73 64 1690 70 60 1691 73 64 1692 63 63 1693 64 61 1694 59 62 1695 60 59 1696 66 66 1697 63 63 1698 59 62 1699 61 58 1700 66 66 1701 61 58 1702 59 62 1703 69 68 1704 74 71 1705 71 69 1706 74 71 1707 75 65 1708 70 60 1709 71 69 1710 72 73 1711 67 72 1712 70 60 1713 73 64 1714 72 73 1715 74 71 1716 72 73 1717 73 64 1718 77 74 1719 68 70 1720 67 72 1721 69 68 1722 67 72 1723 72 73 1724 67 72 1725 69 68 1726 77 74 1727 119 76 1728 95 93 1729 79 77 1730 105 79 1731 99 111 1732 80 80 1733 101 82 1734 81 95 1735 113 83 1736 109 85 1737 96 116 1738 78 86 1739 88 81 1740 80 80 1741 113 83 1742 86 89 1743 83 106 1744 110 90 1745 103 92 1746 89 96 1747 79 77 1748 107 94 1749 93 121 1750 81 95 1751 111 78 1752 79 77 1753 89 96 1754 123 98 1755 88 81 1756 115 88 1757 112 100 1758 84 109 1759 87 101 1760 108 103 1761 102 117 1762 125 104 1763 83 106 1764 94 108 1765 118 107 1766 94 108 1767 95 93 1768 119 76 1769 84 109 1770 98 126 1771 104 110 1772 104 110 1773 98 126 1774 99 111 1775 85 112 1776 100 120 1777 120 113 1778 120 113 1779 100 120 1780 101 82 1781 82 114 1782 97 125 1783 108 103 1784 108 103 1785 97 125 1786 96 116 1787 83 106 1788 86 89 1789 102 117 1790 102 117 1791 103 92 1792 95 93 1793 87 101 1794 104 110 1795 125 104 1796 85 112 1797 90 123 1798 106 119 1799 106 119 1800 107 94 1801 101 82 1802 125 104 1803 104 110 1804 106 119 1805 96 116 1806 119 76 1807 111 78 1808 121 84 1809 113 83 1810 80 80 1811 115 88 1812 113 83 1813 81 95 1814 117 91 1815 110 90 1816 82 114 1817 78 86 1818 111 78 1819 114 97 1820 126 99 1821 115 88 1822 93 121 1823 85 112 1824 112 100 1825 116 102 1826 188 124 1827 186 197 1828 91 115 1829 82 114 1830 110 90 1831 118 107 1832 118 107 1833 119 76 1834 96 116 1835 84 109 1836 112 100 1837 120 113 1838 98 126 1839 120 113 1840 121 84 1841 114 97 1842 89 96 1843 123 98 1844 191 127 1845 192 200 1846 188 124 1847 86 89 1848 122 118 1849 125 104 1850 194 128 1851 186 197 1852 90 123 1853 92 87 1854 114 97 1855 126 99 1856 191 127 1857 108 103 1858 187 105 1859 157 130 1860 152 139 1861 128 131 1862 158 133 1863 146 167 1864 130 134 1865 156 136 1866 127 142 1867 164 137 1868 152 139 1869 145 169 1870 136 140 1871 157 130 1872 141 132 1873 127 142 1874 140 143 1875 154 159 1876 143 144 1877 168 146 1878 357 154 1879 356 147 1880 158 133 1881 139 135 1882 129 149 1883 178 151 1884 163 175 1885 162 152 1886 357 154 1887 168 146 1888 142 155 1889 142 155 1890 132 176 1891 149 157 1892 154 159 1893 158 133 1894 151 150 1895 355 160 1896 348 355 1897 140 143 1898 131 162 1899 150 166 1900 167 163 1901 133 145 1902 143 144 1903 155 164 1904 153 158 1905 149 157 1906 152 139 1907 153 158 1908 157 130 1909 156 136 1910 150 166 1911 156 136 1912 166 138 1913 154 159 1914 144 173 1915 146 167 1916 146 167 1917 163 175 1918 159 168 1919 151 150 1920 129 149 1921 136 140 1922 350 170 1923 144 173 1924 154 159 1925 134 172 1926 160 187 1927 162 152 1928 144 173 1929 162 152 1930 163 175 1931 143 144 1932 151 150 1933 145 169 1934 132 176 1935 135 165 1936 155 164 1937 149 157 1938 155 164 1939 145 169 1940 135 165 1941 132 176 1942 168 146 1943 167 163 1944 166 138 1945 180 141 1946 137 179 1947 171 185 1948 174 180 1949 58 182 1950 172 186 1951 173 183 1952 58 182 1953 169 362 1954 171 185 1955 175 153 1956 162 152 1957 160 187 1958 364 188 1959 363 181 1960 174 180 1961 176 178 1962 364 188 1963 165 148 1964 185 189 1965 182 198 1966 159 168 1967 181 191 1968 178 151 1969 175 153 1970 176 178 1971 180 141 1972 181 191 1973 185 189 1974 138 190 1975 164 137 1976 138 190 1977 181 191 1978 180 141 1979 184 193 1980 164 137 1981 148 195 1982 188 124 1983 106 119 1984 90 123 1985 116 102 1986 122 118 1987 183 196 1988 189 199 1989 190 129 1990 187 105 1991 138 190 1992 159 168 1993 178 151 1994 189 199 1995 106 119 1996 188 124 1997 117 91 1998 184 193 1999 183 196 2000 117 91 2001 194 128 2002 185 189 2003 218 202 2004 196 206 2005 195 203 2006 217 205 2007 197 208 2008 196 206 2009 217 205 2010 216 209 2011 198 207 2012 216 209 2013 215 204 2014 195 203 2015 196 206 2016 197 208 2017 198 207 2018 205 210 2019 206 214 2020 202 211 2021 207 213 2022 203 218 2023 206 214 2024 204 216 2025 200 219 2026 199 217 2027 205 210 2028 201 212 2029 200 219 2030 206 214 2031 203 218 2032 199 217 2033 210 215 2034 209 221 2035 208 220 2036 207 213 2037 208 220 2038 204 216 2039 209 221 2040 205 210 2041 204 216 2042 209 221 2043 210 215 2044 206 214 2045 199 217 2046 200 219 2047 211 222 2048 201 212 2049 213 225 2050 211 222 2051 201 212 2052 202 211 2053 214 224 2054 199 217 2055 212 223 2056 214 224 2057 213 225 2058 217 205 2059 218 202 2060 212 223 2061 215 204 2062 216 209 2063 213 225 2064 214 224 2065 216 209 2066 212 223 2067 211 222 2068 218 202 2069 239 226 2070 242 230 2071 220 227 2072 241 229 2073 221 232 2074 220 227 2075 240 231 2076 222 233 2077 221 232 2078 240 231 2079 239 226 2080 219 228 2081 220 227 2082 221 232 2083 222 233 2084 229 234 2085 230 239 2086 226 235 2087 234 237 2088 231 246 2089 227 238 2090 228 240 2091 224 242 2092 223 241 2093 229 234 2094 225 236 2095 224 242 2096 230 239 2097 227 238 2098 223 241 2099 358 243 2100 231 246 2101 234 237 2102 232 245 2103 228 240 2104 227 238 2105 233 247 2106 229 234 2107 228 240 2108 233 247 2109 234 237 2110 230 239 2111 243 248 2112 244 252 2113 235 249 2114 245 251 2115 237 254 2116 235 249 2117 246 253 2118 238 255 2119 237 254 2120 246 253 2121 243 248 2122 236 250 2123 235 249 2124 237 254 2125 241 229 2126 238 255 2127 236 250 2128 239 226 2129 238 255 2130 240 231 2131 241 229 2132 235 249 2133 242 230 2134 239 226 2135 224 242 2136 244 252 2137 243 248 2138 225 236 2139 245 251 2140 244 252 2141 225 236 2142 226 235 2143 246 253 2144 226 235 2145 223 241 2146 243 248 2147 267 256 2148 270 259 2149 248 257 2150 270 259 2151 269 262 2152 249 260 2153 268 261 2154 250 263 2155 249 260 2156 267 256 2157 247 258 2158 250 263 2159 248 257 2160 249 260 2161 250 263 2162 257 264 2163 258 268 2164 254 265 2165 259 267 2166 255 272 2167 258 268 2168 256 270 2169 252 273 2170 251 271 2171 257 264 2172 253 266 2173 252 273 2174 258 268 2175 255 272 2176 251 271 2177 262 269 2178 261 275 2179 260 274 2180 259 267 2181 260 274 2182 256 270 2183 261 275 2184 257 264 2185 256 270 2186 261 275 2187 262 269 2188 258 268 2189 253 266 2190 265 279 2191 263 277 2192 253 266 2193 254 265 2194 266 278 2195 254 265 2196 251 271 2197 264 276 2198 263 277 2199 265 279 2200 269 262 2201 266 278 2202 264 276 2203 267 256 2204 265 279 2205 266 278 2206 268 261 2207 264 276 2208 263 277 2209 270 259 2210 291 280 2211 294 284 2212 272 281 2213 293 283 2214 273 286 2215 272 281 2216 293 283 2217 292 287 2218 274 285 2219 291 280 2220 271 282 2221 274 285 2222 272 281 2223 273 286 2224 274 285 2225 281 288 2226 282 293 2227 278 289 2228 286 291 2229 283 298 2230 279 292 2231 280 294 2232 276 296 2233 275 295 2234 280 294 2235 281 288 2236 277 290 2237 282 293 2238 279 292 2239 275 295 2240 286 291 2241 285 299 2242 284 297 2243 283 298 2244 284 297 2245 280 294 2246 284 297 2247 285 299 2248 281 288 2249 285 299 2250 286 291 2251 282 293 2252 275 295 2253 276 296 2254 287 300 2255 276 296 2256 277 290 2257 289 302 2258 278 289 2259 290 303 2260 289 302 2261 275 295 2262 288 301 2263 290 303 2264 289 302 2265 293 283 2266 294 284 2267 288 301 2268 291 280 2269 292 287 2270 290 303 2271 292 287 2272 293 283 2273 288 301 2274 287 300 2275 294 284 2276 306 304 2277 309 312 2278 305 305 2279 305 305 2280 309 312 2281 308 307 2282 303 308 2283 308 307 2284 307 309 2285 306 304 2286 295 516 2287 296 311 2288 297 313 2289 295 516 2290 306 304 2291 298 314 2292 299 318 2293 300 315 2294 301 316 2295 302 310 2296 304 306 2297 303 308 2298 302 310 2299 301 316 2300 304 306 2301 312 322 2302 310 317 2303 302 310 2304 307 309 2305 306 304 2306 303 308 2307 300 315 2308 299 318 2309 316 319 2310 314 326 2311 318 320 2312 310 317 2313 311 323 2314 299 318 2315 305 305 2316 313 324 2317 312 322 2318 305 305 2319 299 318 2320 311 323 2321 316 319 2322 317 327 2323 315 325 2324 317 327 2325 316 319 2326 319 321 2327 313 324 2328 311 323 2329 321 329 2330 318 320 2331 314 326 2332 315 325 2333 312 322 2334 319 321 2335 318 320 2336 320 328 2337 319 321 2338 312 322 2339 317 327 2340 320 328 2341 321 329 2342 310 317 2343 318 320 2344 321 329 2345 333 330 2346 337 338 2347 327 331 2348 340 333 2349 343 343 2350 336 334 2351 326 335 2352 336 334 2353 332 336 2354 332 336 2355 333 330 2356 338 332 2357 337 338 2358 342 352 2359 345 339 2360 343 343 2361 342 352 2362 337 338 2363 339 344 2364 324 517 2365 325 345 2366 328 347 2367 323 348 2368 322 340 2369 336 334 2370 337 338 2371 333 330 2372 323 348 2373 330 351 2374 329 349 2375 329 349 2376 338 332 2377 327 331 2378 331 342 2379 341 341 2380 344 350 2381 335 337 2382 338 332 2383 329 349 2384 326 335 2385 335 337 2386 330 351 2387 341 341 2388 339 344 2389 334 346 2390 342 352 2391 324 517 2392 339 344 2393 334 346 2394 325 345 2395 343 343 2396 325 345 2397 324 517 2398 342 352 2399 358 243 2400 359 359 2401 232 245 2402 356 147 2403 357 154 2404 349 156 2405 349 156 2406 352 358 2407 351 354 2408 348 355 2409 347 357 2410 350 170 2411 348 355 2412 355 160 2413 354 356 2414 353 171 2415 154 159 2416 140 143 2417 354 356 2418 160 187 2419 134 172 2420 351 354 2421 150 166 2422 131 162 2423 153 158 2424 150 166 2425 351 354 2426 356 147 2427 346 353 2428 131 162 2429 352 358 2430 349 156 2431 142 155 2432 355 160 2433 161 161 2434 160 187 2435 350 170 2436 347 357 2437 134 172 2438 361 244 2439 360 360 2440 359 359 2441 360 360 2442 361 244 2443 234 237 2444 360 360 2445 233 247 2446 232 245 2447 88 81 2448 93 121 2449 107 94 2450 93 121 2451 88 81 2452 123 98 2453 123 98 2454 89 96 2455 92 87 2456 109 85 2457 92 87 2458 89 96 2459 102 117 2460 108 103 2461 109 85 2462 194 128 2463 117 91 2464 91 115 2465 107 94 2466 106 119 2467 104 110 2468 116 102 2469 182 198 2470 185 189 2471 182 198 2472 183 196 2473 148 195 2474 130 134 2475 159 168 2476 129 149 2477 362 174 2478 129 149 2479 159 168 2480 128 131 2481 164 137 2482 127 142 2483 362 174 2484 179 194 2485 164 137 2486 175 153 2487 137 179 2488 363 181 2489 168 146 2490 165 148 2491 364 188 2492 176 178 2493 177 192 2494 363 181 2495 137 179 2496 160 187 2497 161 161 2498 147 177 2499 172 186 2500 171 185 2501 147 177 2502 364 188 2503 173 183 2504 57 361 2505 174 180 2506 171 185 2507 57 361 2508 170 184 2509 173 183 2510 296 311 2511 295 516 2512 308 307 2513 308 307 2514 295 516 2515 297 313 2516 161 161 2517 133 145 2518 135 165 2519 365 363 2520 366 366 2521 388 364 2522 366 366 2523 367 518 2524 387 367 2525 387 367 2526 367 518 2527 368 368 2528 386 369 2529 368 368 2530 365 363 2531 368 368 2532 367 518 2533 366 366 2534 375 370 2535 371 382 2536 372 371 2537 376 372 2538 373 377 2539 377 373 2540 369 375 2541 370 378 2542 374 376 2543 370 378 2544 371 382 2545 375 370 2546 376 372 2547 372 371 2548 369 375 2549 380 374 2550 377 373 2551 378 379 2552 377 373 2553 373 377 2554 374 376 2555 374 376 2556 375 370 2557 379 380 2558 379 380 2559 375 370 2560 376 372 2561 369 375 2562 382 385 2563 381 381 2564 381 381 2565 383 384 2566 371 382 2567 371 382 2568 383 384 2569 384 383 2570 384 383 2571 382 385 2572 369 375 2573 388 364 2574 387 367 2575 383 384 2576 386 369 2577 385 365 2578 382 385 2579 383 384 2580 387 367 2581 386 369 2582 382 385 2583 385 365 2584 388 364 2585 409 386 2586 389 392 2587 390 387 2588 390 387 2589 391 390 2590 411 389 2591 391 390 2592 392 393 2593 410 391 2594 410 391 2595 392 393 2596 389 392 2597 392 393 2598 391 390 2599 390 387 2600 399 394 2601 395 415 2602 396 395 2603 404 397 2604 400 396 2605 397 398 2606 393 400 2607 394 402 2608 398 401 2609 394 402 2610 395 415 2611 399 394 2612 400 396 2613 396 395 2614 393 400 2615 404 397 2616 401 399 2617 516 403 2618 397 398 2619 398 401 2620 402 405 2621 398 401 2622 399 394 2623 403 406 2624 403 406 2625 399 394 2626 400 396 2627 413 407 2628 406 413 2629 405 408 2630 405 408 2631 407 411 2632 415 410 2633 407 411 2634 408 414 2635 416 412 2636 416 412 2637 408 414 2638 406 413 2639 405 408 2640 412 388 2641 411 389 2642 408 414 2643 410 391 2644 409 386 2645 411 389 2646 410 391 2647 408 414 2648 409 386 2649 412 388 2650 405 408 2651 413 407 2652 414 409 2653 394 402 2654 414 409 2655 415 410 2656 395 415 2657 395 415 2658 415 410 2659 416 412 2660 396 395 2661 416 412 2662 413 407 2663 437 416 2664 417 423 2665 418 417 2666 440 418 2667 418 417 2668 419 419 2669 419 419 2670 420 422 2671 438 421 2672 420 422 2673 417 423 2674 437 416 2675 420 422 2676 419 419 2677 418 417 2678 427 424 2679 423 437 2680 424 425 2681 428 426 2682 425 431 2683 429 427 2684 421 429 2685 422 432 2686 426 430 2687 422 432 2688 423 437 2689 427 424 2690 428 426 2691 424 425 2692 421 429 2693 432 428 2694 429 427 2695 430 433 2696 429 427 2697 425 431 2698 426 430 2699 426 430 2700 427 424 2701 431 434 2702 431 434 2703 427 424 2704 428 426 2705 433 436 2706 435 439 2707 423 437 2708 423 437 2709 435 439 2710 436 438 2711 424 425 2712 436 438 2713 434 435 2714 433 436 2715 440 418 2716 439 420 2717 436 438 2718 438 421 2719 437 416 2720 435 439 2721 439 420 2722 438 421 2723 434 435 2724 437 416 2725 440 418 2726 461 440 2727 441 446 2728 442 441 2729 442 441 2730 443 519 2731 463 443 2732 463 443 2733 443 519 2734 444 444 2735 444 444 2736 441 446 2737 461 440 2738 444 444 2739 443 519 2740 442 441 2741 451 447 2742 447 455 2743 448 448 2744 456 450 2745 452 449 2746 449 451 2747 445 453 2748 446 459 2749 450 454 2750 450 454 2751 446 459 2752 447 455 2753 452 449 2754 448 448 2755 445 453 2756 456 450 2757 453 452 2758 454 456 2759 453 452 2760 449 451 2761 450 454 2762 454 456 2763 450 454 2764 451 447 2765 455 457 2766 451 447 2767 452 449 2768 445 453 2769 458 462 2770 457 458 2771 446 459 2772 457 458 2773 459 460 2774 459 460 2775 460 461 2776 448 448 2777 460 461 2778 458 462 2779 445 453 2780 464 442 2781 463 443 2782 459 460 2783 462 445 2784 461 440 2785 458 462 2786 463 443 2787 462 445 2788 460 461 2789 458 462 2790 461 440 2791 464 442 2792 475 463 2793 479 467 2794 476 464 2795 475 463 2796 473 468 2797 478 466 2798 473 468 2799 472 476 2800 477 469 2801 476 464 2802 479 467 2803 466 470 2804 476 464 2805 465 471 2806 467 472 2807 470 473 2808 469 479 2809 468 474 2810 471 475 2811 468 474 2812 474 465 2813 471 475 2814 472 476 2815 473 468 2816 474 465 2817 468 474 2818 480 477 2819 472 476 2820 474 465 2821 476 464 2822 469 479 2823 470 473 2824 473 468 2825 488 480 2826 484 486 2827 486 481 2828 469 479 2829 481 484 2830 480 477 2831 475 463 2832 474 465 2833 482 478 2834 481 484 2835 469 479 2836 475 463 2837 485 485 2838 487 487 2839 486 481 2840 489 482 2841 486 481 2842 487 487 2843 491 489 2844 481 484 2845 483 483 2846 488 480 2847 491 489 2848 485 485 2849 482 478 2850 480 477 2851 488 480 2852 482 478 2853 489 482 2854 490 488 2855 487 487 2856 485 485 2857 491 489 2858 480 477 2859 481 484 2860 491 489 2861 497 490 2862 507 500 2863 503 491 2864 510 493 2865 496 496 2866 506 494 2867 496 496 2868 505 498 2869 502 497 2870 508 492 2871 503 491 2872 502 497 2873 515 499 2874 512 513 2875 507 500 2876 507 500 2877 512 513 2878 513 495 2879 509 504 2880 504 512 2881 495 505 2882 498 507 2883 501 502 2884 492 501 2885 503 491 2886 507 500 2887 506 494 2888 493 508 2889 492 501 2890 499 509 2891 499 509 2892 492 501 2893 497 490 2894 501 502 2895 498 507 2896 514 511 2897 499 509 2898 508 492 2899 505 498 2900 500 510 2901 505 498 2902 496 496 2903 511 503 2904 514 511 2905 504 512 2906 509 504 2907 494 506 2908 512 513 2909 504 512 2910 510 493 2911 513 495 2912 512 513 2913 494 506 2914 495 505 2915 516 403 2916 401 399 2917 402 405 2918 519 404 2919 516 403 2920 517 514 2921 518 515 2922 403 406 2923 404 397 2924 402 405 2925 403 406 2926 518 515 2927 478 466 2928 465 471 2929 466 470 2930 478 466 2931 477 469 2932 467 472 2933</p>
        </triangles>
      </mesh>
    </geometry>
  </library_geometries>
  <library_visual_scenes>
    <visual_scene id="Scene" name="Scene">
      <node id="TheSkeletonSpelos" name="TheSkeletonSpelos" type="NODE">
        <matrix sid="transform">1 0 0 0 0 1 0 0 0 0 1 0 0 0 0 1</matrix>
        <instance_geometry url="#TheSkeletonSpelos-mesh" name="TheSkeletonSpelos">
          <bind_material>
            <technique_common>
              <instance_material symbol="SkeletonMaterial-material" target="#SkeletonMaterial-material">
                <bind_vertex_input semantic="UVMap" input_semantic="TEXCOORD" input_set="0"/>
              </instance_material>
            </technique_common>
          </bind_material>
        </instance_geometry>
      </node>
    </visual_scene>
  </library_visual_scenes>
  <scene>
    <instance_visual_scene url="#Scene"/>
  </scene>
</COLLADA>